Taisho,K_Number,Chinese_Title,Sanskrit_Title,Tibetan_Title,Tohoku_Numbers,Otani_Numbers,Nanjio,Mvy
1,647,長阿含經,Dīrghāgama(sūtra).,,34;352,750;1021,545,
2,1182,七佛經,Saptabuddhaka.,,,,860,
5,653,佛般泥洹經,Mahāparinirvāṇasūtra.,,,,552,
6,654,般泥洹經,Mahāparinirvāṇasūtra.,,,,119,
7,652,大般槃經經,Mahāparinirvāṇasūtra.,,,,118,
8,1453,大堅固婆羅門綠起經,Mahāgovindiya(sūtra).,,,,993,
12,1429,大集法門經,Sangītisūtra.,,,,938,
15,1252,帝釋所問經,Śakraparipṛcchā(sūtra).,,,,924,
16,656,尸迦羅越六方禮經,Śṛgālavādasūtra,,,,555,
17,718,善生子經,Śṛgālavādasūtra.,,,,595,
19,1179,大三摩惹經,Mahāsamāja(sūtra).,Ḥdus-pa chen-poḥi mdo.,34,750,851,
21,659,梵網六十二見經,Brahmajālasūtra,Tshaṅs-paḥi dra-baḥi mdo.,352,1021,554,
26,648,中阿含經,Madhyamāgama(sūtra).,,289;290;291;297;339,955;956;957;963;1006,542,
30,1201,薩鉢多酥哩踰捺野經,Saptasūryodasūtra.,,,,870,
32,673,四諦經,Catuḥsatyasūtra.,,,,598,
41,1243,頻婆裟羅王經,Bimbisārapratyudgamanasūtra.,Mdo-chen-po gzugs-can-sñiṅ-pos bsu-ba.,289,955,900,
52,1410,大生義經,Mahānidānasūtra.,,,,933,
61,871,受新歳經,Pravāraṇasūtra.,,,,,
62,872,新歳經,Pravāraṇasūtra.,,,,763,
63,1253,解夏經,Pravāraṇasūtra.,,,,923,
78,701,兜調經,Śukasūtra.,Las-kyi rnam-par ḥgyur-ba shes-bya-ba chos-kyi-gshuṅ.,339,1006,611,
79,695,鸚鵡經,Śukasūtra.,Las-kyi rnam- par ḥgyur-ba shes-bya-baḥi chos-kyi-gshuṅ.,339,1006,610,
80,805,佛爲首迦長者說業報差別經,Śukasūtra.,Las rnam-par-ḥbyed-pa.,338,1005,739,
81,1098,分別善惡報應經,Śukasūtra.,Las-kyi rnam-par ḥgyur-ba shes-bya-baḥi chos-kyi-gshuṅ.,338;339,1005;1006,783,
86,712,泥犁經,Nirayasūtra.,,,,575,
97,725,廣義法門經,Arthavighuṣṭasūtra.,Don rgyas-pa.,318,984,587,
98,717,普法義經,Arthavighuṣṭasūtra.,Don rgyas-pa.,318,984,586,
99,650,雜阿含經,Saṁyuktāgamasūtra.,Tsa a han ching. (50 chüan),31;34;41;42;211;213;292;293;296;300;316;330;331;337;336,747;750;757;758;877;879;958;959;962;966;982;996;997;1003,544,1424
100,651,別譯雜阿含經,Saṁyukatāgamasūtra.,,34;213;296;331,750;879;962;997,546,
101,745,雜阿含經,Saṁyuktāgamasūtra.,,,,547,
109,741,轉法輪經,Dharmacakrapravartanasūtra.,Chos-kyi-ḥkhor-lo rab-tu bskor-baḥi mdo.,31;337,747;1003,657,
110,730,三轉法輪經,Dharmacakrapravartanasūtra.,Chos-kyi-ḥkhor-lo rab-tu bskor-baḥi mdo.,31;337,747;1003,658,
113,728,難提釋經,Nandapravrajyāsūtra.,,,,660,
118,708,鴦掘摩經,Angulimālīyasūtra.,Sor-moḥi phreṅ-ba-la phan-pa.,213,879,621,1398
119,727,鴦掘髻經,Aṅgulimālīyasūtra.,Sor moḥi phreṅ-ba-la phan-pa.,213,879,622,1398
120,410,央掘魔羅經,Aṅgulimālīyasūtra,Sor-moḥi phreṅ-ba-la phan pa,213,879,434,1398
121,1447,月喩經,Candropamasūtra,,,,948,
123,746a,放牛經,Pratītyasamutpādādivibhaṅganirdeśa(sūtra).,Rten-ciṅ-ḥbrel-bar-hbyuṅ-ba daṅ-po daṅ rnam-par dbye-ba bstan-pa.,211,877,627,
124,736,緣起經,Pratītyasamutpādādivibhaṅganirdeśasūtra.,Rten-ciṅ-ḥbrel-bar-ḥbyuṅ-ba daṅ-po daṅ rnam-par dbye-ba bstan-pa.,211,877,628,
125,649,增壹阿含經,Ekottarāgama(sūtra).,,36;211;213;316,752;877;879;982,543,
128,723,須摩提女經,Sumāgadhāvadānasūtra.,,,,615,
129,790,三摩竭經,Sumāgadhāvadānasūtra.,,,,616,
130,1428,給孤長者女得度因綠經,Sumāgadhavadāna(sūtra).,,,,937,
138,756,十一想思念如來經,Maitrībhāvanāsūtra.,Byams-pa bsgom-paḥi mdo.,36,752,629,
152,206,六度集經,,,351,1020,143,
153,988,菩薩本緣經,,,348,1017,1357,
154,799,生經,Jātaka(sūtra).,,,,669,
156,402,大方便佛報恩經,,,353,1022,431,
157,126,悲華經,Karuṇāpuṇḍarīkasūtra,Sñiṅ-rje pad-ma dkar-po,112,780,142,
158,125,大乘悲分陀利經,Karuṇāpuṇḍarīkasūtra,Sñiṅ-rje pad-ma dkar-po,112,780,180,
162,370,金色王經,Kanakavarṇapūrvayoga(sūtra),Gser-mdog-gi sṅon-gyi sbyor-ba,350,1019,390,
165,1469,頂生王因緣經,Mandhātāvadāna.,,,,1011,
166,1173,月光菩薩經,Candraprabhabodhisattvacaryāvadāna(sūtra).,Zla ḥod-kyi rtogs-pa-brjod-pa.,348,1017,852,
169,466,月明菩薩經,Candraprabhabodhisattva(sūtra),,,,513,
171,207,大子須大拏經,Jinaputrārthasiddasūtra,Rgyal-bu don-grub-kyi mdo,351,1020,254,
173,1467,福力太子因緣經,Puṇyabalāvadāna.,Bsod-nams-kyi stobs-kyi rtogs-pa-brjod-po.,347,1016,953,
174,208,菩薩睒子經,Śyāmakajātakasūtra,,,,216,
177,499,大意經,Mahāmati(sūtra),,,,527,
179,252,銀色女經,Pūpāvatyāvadānā(sūtra),,,,271,
186,112,普曜經,Lalitavistara(sūtra),Rgya-cher-rol-pa,95;4405,763,160,1331
187,111,方廣大莊嚴經,Lalitavistara(sūtra),Rgya-cher-rol-pa,95;4405,763,159,1331
188,468,異出菩薩本起經,Abhiniṣkramaṇa(sūtra),,,,509,
190,802,佛本行集經,Abhiniṣkramaṇasūtra.,,,,680,
192,980,佛所行讚經,Buddhacarita.,Saṅs-rgyas-kyi spyod-pa shes-bya-baḥi sñan-dṅags chen-po.,4156,,1351,
198,800,義足經,Arthavargīyasūtra.,,,,674,
200,981,撰集百緣經,Avadānaśataka.,Gaṅ-po la-sogs-paḥi rtogs-pa-brjod-pa brgya-pa.,343,1012,1324,
201,587,大莊嚴經論,Kalpanāmaṇḍitikā,,,,1182,
202,983,賢愚經,Damamūka(nidānasūtra).,Mdsaṅs blun.,341,1008,1322,
210,1021,法句經,Dharmapāda.,Ched-du brjod-paḥi tshoms.,326;4099,992,1365,
211,1020,法句譬喩經,Dharmapāda.,Ched-du brjod-paḥi tshoms.,326;4099,992,1353,
212,982,出曜經,Dharmapāda.,Ched-du-brjod-paḥi tshoms.,326;4099,992,1321,
213,1119,法集要頌經,Dharmapāda.,Ched-du-brjod-paḥi tshoms.,326;4099,992,1439,
219,1446,醫喩經,Bhiśajupamānasūtra.,,,,949,
220,1,般若波羅蜜多經,Mahāprajñāpāramitāsūtra,,,,1,
221,2,放光般若波羅蜜經,Pañcaviṃśatisāhasrikāprajñāpāramitāsūtra,Śes-rab-kyi-pha-rol-tu-phyin-pa stoṅ-phrag-ñi-śu-lṅa-pa,9,731,2,1327
222,4,光讚經,Pañcaviṃśatisāhasrikāprajñāpāramitāsūtra,Śes-rab-kyi-pha-rol-tu-phyin-pa stoṅ-phrag-ñi-śu-lṅa-pa,9,731,4,
223,3,摩可般若波羅蜜經,Pañcaviṃśatisāhasrikāprajñāpāramitāsūtra,Śes-rab-kyi-pha-rol-tu-phyin-pa stoṅ-phrag-ñi-śu-lṅa-pa,9,731,3,1327
224,6,道行般若經,Aṣṭasāhasrikāprajñāpāramitāsūtra,Śes-rab-kyi-pha-rol-tu-phyin-pa brgyad-stoṅ-pa,12,734,5,1328
225,9,大明度經,Aṣṭasāhasrikāprajñāpāramitāsūtra,Śes-rab-kyi-pha-rol-tu-phyin-pa brgyad-stoṅ-pa,12,734,8,1328
226,5,摩訶般若抄經,Aṣṭasāhasrikāprajñāpāramitāsūtra,Śes-rab-kyi-pha-rol-tu-phyin-pa brgyad-stoṅ-pa,12,734,7,1328
227,7,小品般若波羅蜜經,Aṣṭasāhasrikāprajñāpāramitāsūtra,Śes-rab-kyi-pha-rol-tu-phyin-pa brgyad-stoṅ-pa,12,734,6,1328
228,1423,佛母出生三法藏般若波羅蜜多經,Aṣṭasāhasrikāprajñāpāramitā.,Śes-rab-kyi-pha-rol-tu-phyin-pa brgyad-stoṅ-pa.,12,734,927,1328
229,1200,佛母寶德藏般若波羅蜜經,Ratnaguṇasañcayagāthā(sūtra).,Śes-rab-kyi-pha-rol-tu-phyin-pa sdud-pa tshigs-su-bcad-pa.,13,735,864,
230,1455,聖八千頌般若波羅蜜多一百八名眞實圓義陀羅尼經,Prajñapāramitānāmāṣṭaśataka.,Śes-rab-kyi-pha-rol-tu-phyin-paḥi mtshan brgya-rtsa-brgyad-pa.,25;553,172,999,
231,8,勝天王般若波羅蜜經,Suvikrāntavikrāmiparipṛcchāprajñāpāramitāsūtra,Rab-kyi-rtsal-gyis rnam-par-gnon-pas shus-pa śes-rab-kyi-pha-rol-tu phyin-pa bstan-pa,14,736,9,1347
232,10,文殊師所說摩訶般若波羅蜜經,Saptaśatikāprajñāpāramitāsūtra,Śes-rab-kyi-pha-rol-tu-phyin-pa bdun-brgya-pa,24,737;760,21,1391
233,11,文殊師所說般若波羅蜜經,Saptaśatikāprajñāpāramitāsūtra,Śes-rab-kyi-pha-rol-tu-phyin-pa bdun-brgya-pa,24,737,22,1391
234,12,濡首菩薩無上淸淨分衞經,Nāgaśrīpāripṛcchāsūtra,,,,16,
235,13,金剛般若波羅蜜經,Vajracchedikāprajñāpāramitāsūtra,Śes-rab-kyi-pha-rol-tu-phyin-pa rdo-rje gcod-pa,16,739,10,
236,14,金剛般若波羅蜜經,Vajracchedikāprajñāpāramitāsūtra,Śes-rab-kyi-pha-rol-tu-phyin-pa rdo-rje gcod-pa,16,739,11,
237,15,金剛般若波羅蜜經,Vajracchedikāprajñāpāramitāsūtra,Śes-rab-kyi-pha-rol-tu-phyin-pa rdo-rje gcod-pa,16,739,12,
239,17,能斷金剛般若波羅蜜多經,Vajracchedikāprajñāpāramitāsūtra,Śes-rab-kyi-pha-rol-tu-phyin-pa rdo-rje gcod-pa,16,739,14,
240,18,實相般若波羅蜜多經,Adhyardhaśatikāprajñāpāramitāsūtra,Śes-rab-kyi-pha-rol-tu-phyin-paḥi tshul brgya-lṅga-bcu-pa,17;487;489,119;121,18,
242,1189,徧照般若波羅蜜經,Adhyardhaśatikāprajñāpāramitāsūtra.,Śes-rab-kyi-pha-rol-tu phyin-paḥi tshul brgya-lṅa-bcu-po.,17;487;489,119;121,862,
243,1275,大樂金剛不空眞實三摩耶經,(Adhy)ardhaśatikāprajñāpāramitāsūtra.,Bcom-ldan-ḥdas-ma śes-rab-kyi-pha-rol-tu-phyin-pa lṅa-bcu-pa.,17;487;489,119;121,1034,
244,1256,最上根本大樂金剛不空三昧大教王經,Śriparamādhyamantrākalpakhaṇḍa(sūtra).,Dpal mchog daṅ-poḥi sṅags-kyi rtog-paḥi dum-bu.,17;487;488;489,119;120;121,1037,
248,1192,五十頌聖般若波羅蜜經,Bhagavatīprajñāpāramitāpañcaśatikasūtra.,Bcom-ldan-ḥdas-ma śes-rab-kyi-pha-rol-tu-phyin-pa lṅa-bcu-pa.,18,740,879,
249,1190,帝釋般若波羅蜜多心經,Kauśikaprajñāpāramitāsūtra.,Śes-rab-kyi-pha-rol-tu-phyn-pa kaśnika.,19;554,173,865,
250,21,摩訶般若波羅蜜大明呪經,Prajñāpāramitāhṛdayasūtra,Bcom-ldan-ḥdas-ma śes-rab-kyi-pha-rol-tu-phyin-paḥi sñiṅ-po,21;531,16,19,
251,20,般若波羅蜜多心經,Prajñāpāramitāhṛdayasūtra,Bcom-ldan-ḥdas-ma śes-rab-kyi-pha-rol-tu-phyin-paḥi sñiṅ-po,21;531,160,20,
252,1267,普遍智藏般若波羅蜜多心經,Prajñāpārāmitāhṛdayasūtra.,Bcom-ldan-ḥdas-ma śes-rab-kyi-pha-rol-tu-phyin-paḥi sñiṅ-po.,21;531,160,,
253,1383,般若波羅蜜多心經,Prajñāpāramitāḥṛdaya.,Bcom-ldan-ḥdas-ma śes-rab-kyi-pha-rol-tu-phyin-paḥi sñiṅ-po.,21;531,160,,
257,1427,聖佛母般若波羅蜜多經,Bhagavatīprajñāpāramitāhṛdaya(sūtra).,Bcom-ldan-ḥdas-ma śes-rab-kyi-pha-rol-tu-phyin-paḥi sñiṅ-po.,21;531,160,935,
258,1090,聖佛母小字般若波羅蜜多經,Alpākṣarā(prajñāpāramitā)sūtra.,Śes-rab-kyi-pha-rol-tu-phyin-pa yi-ge ñuṅ-ṅu.,22;530,159,797,
260,1485,開覺自性般若波羅蜜多經,Pañcaśatikāprajñāpāramitā(sūtra).,Śes-rab-kyi-pha-rol-tu-phyin-pa lṅa-brgya-pa.,15,738,,
262,116,妙法蓮華經,Saddharmapuṇḍarīkasūtra,Dam-paḥi chos pad-ma dkar-po,113,781,134,1335
263,117,正法華經,Saddharmapuṇḍarīkasūtra,Dam-paḥi chos pad-ma dkar-po,113,781,138,1336
264,118,添品妙法蓮華經,Saddharmapuṇḍarīkasūtra,Dam-paḥi chos pad-ma dkar-po,113,781,139,1335
265,115,薩曇分陀利經,Saddharmapuṇḍarīkasūtra,,,,136,
266,135,阿維越致遮經,Avaivartikacakrasūtra,Phyir-mi-ldog-paḥi ḥkhor-lo,240,906,150,1371
267,137,不退轉法輪經,Avaivartikacakrasūtra,Phyir-mi-ldog-paḥi ḥkhor-lo,240,906,157,1371
268,136,廣博嚴淨不退轉輪經,Avaivartikacakrasūtra,Phyir-mi-ldog-paḥi ḥkhor-lo,240,906,158,1371
270,416,大法鼓經,Mahābherihārakaparivarta(sūtra),Rṅa-bo-che chen-poḥi leḥu,222,888,440,
271,162,菩薩行方便境界通變化經,Bodhisattvagocaropāyaviṣayavikurvāṇanirdeśa(sūtra),Byaṅ-chub-sems-dpaḥi spyod-yul-gyi thabs-kyi yul-la rnam-par-ḥphrul-ba bstan-pa,146,813,178,
272,163,大薩遮尼乾子所說經,Bodhisattvagocaropāyaviṣayavikurvāṇanirdeśa(sūtra),Byaṅ-chub-sems-dpaḥi spyod-yul-gyi thabs-kyi yul-la rnam-par-ḥphrul-ba bstan-pa,146,813,,
273,521,金剛三昧經,Vajrasamādhi(sūtra),Rdo-rjeḥi tiṅ-ṅe-ḥdsin-gyi chos-kyi yi-ge,135,803,429,
274,147,濟諸方等學經,Sarvavaidalyasaṃgraha(sūtra),Rnam-par ḥthag-pa thams-cad bsdus-pa,227,893,252,1385
275,148,大乘方廣惣持經,Sarvavaidalyasaṃgrahasūtra,Rnam-par ḥthag-pa thams-cad bsdus-pa,227,893,253,
278,79,大方廣佛華嚴經,(Buddha)avataṃsakasūtra,Saṅs-rgyas phal-po-che shes-bya-ba śin-tu-rgyas-pa-chen-poḥi mdo,44;104;187;1095;4377;4404;0,716;761;772;854,87,1329
279,80,大方廣佛華嚴經,(Buddha)avataṃsakasūtra,Saṅs-rgyas phal-po-che shes-bya-ba śin-tu-rgyas-pa-chen-poḥi mdo,44;104;187;1095;4377;4404,716;761;772;854,88,1329
280,90,兜沙經,,,44,761,102,
281,94,菩薩本業經,,,44,761,100,
282,93,諸菩薩求佛本業經,,,,761,107,
283,92,菩薩十住行道品,,,44,761,108,
284,97,菩薩十住經,,,44,761,109,
285,89,漸備一切智德經,Daśabhūmikasūtra,,44,761,110,1350
286,98,十住經,Daśabhūmikasūtra,,44,761,105,
287,1388,十地經,Daśabhūmikasūtra.,,44,761,,
288,100,等目菩薩所問三昧經,,,44,761,111,
289,101,顯無邊佛土功德經,Tathāgatānāṃ Buddhakṣetraguṇoktadharmaparyāya(sūtra),De-bshin-gśegs-pa rnams-kyi saṅs-rgyas-kyi shiṅ-gi yon-tan brjod-paḥi chos-kyi-rnam-graṅs,104,772,95,
290,1217,較量一切佛刹功德經,Tathāgatānāṁbuddhakṣetraguṇoktadharmaparyāya(sūtra).,De-bshin-gśegs-pa rnams-kyi saṅs-rgyas-kyi shiṅ-gi yon-tan brjod-paḥi chos-kyi-rnam-graṅs.,104,772,881,
291,99,如來興顯經,Tathāgatotpattisambhavanirdeśa(sūtra),,44,761,92,1378
292,103,度世品經,,,44,761,104,
293,1262,大方廣佛華嚴經,Gaṇḍavyūhasūtra.,,44,761,89,1329
294,102,羅摩伽經,Gaṇḍavyūhasūtra,,44,761,106,1341
295,104,大方廣佛華嚴經入法界品,Gaṇḍavyūhasūtra,,44,761,101,1341
296,1029,文殊師利發願經,Bhadracaryapraṇidhāna.,Bzaṅ-po spyod-paḥi smon-lam-gyi rgyal-po.,44;1095;4377,716;761,1336,
297,1282,普賢菩薩行願讚,Bhadracaryāpraṇidhānarāja.,Bzaṅ-po spyod-paḥi smon-lam-gyi rgyal-po.,44;1095;4377,716;761,1142,
299,1095,大方廣惚持寶光明經,Ratnolkādhāraṇi(sūtra).,Dkon-mchog ta-la-laḥi gzuṅs.,145;847,472,785,1375
302,85,度諸佛境界智光嚴經,Tathāgataguṇajñānācintyaviṣayāvatāranirdeśa(sūtra),De-bshin-gśegs-paḥi yon-tan daṅ ye-śes bsam-gyis-mi-khyab-paḥi yul-la ḥjug-pa bstan-pa,185,852,85,
303,82,佛華嚴入如來德智不思議境界經,Tathāgataguṇajñānācintyaviṣayāvatāranirdeśa(sūtra),De-bshin-gśegs-paḥi yon-tan daṅ ye-śes bsam-gyis-mi-khyab-paḥi yul-la ḥjug-pa bstan-pa,185,852,91,
304,86,大方廣入如來智德不思議境界經,Tathāgataguṇajñānācintyaviṣayāvatāranirdeśa(sūtra),De-bshin-gśegs-paḥi yon-tan daṅ ye-śes bsam-gyis-mi-khyab-paḥi yul-la ḥjug-pa bstan-pa,185,852,93,
305,81,信力入印法問經,Śraddhābāladhānāavatāramudrā(sūtra),Dod-paḥi stobs bskyed-pa-la ḥjug-paḥi phyag-rgya,201,867,90,1397
310,22,大寶積經,(Mahā)ratnakūṭa,Dkon-brtsegs,45,760,23,
311,23,大方廣三戒經,Trisaṃvaranirdeśaparivarta(sūtra),Sdom-pa gsum bstan-paḥi leḥu,45,760,24,
312,1486,如來不思議祕密大乘經,Tathāgataguhyasūtra.,De-bshin-gśegs-paḥi gsaṅ-ba bsam-gyis-mi-khyab-par bstan-pa.,47,760,1043,
313,27,阿閦佛國經,Akṣobhyatathāgatasyavyūhasūtra,De-bshin-gśegs-pa mi-ḥkhrugs-paḥi bkod-pa,50,760,28,
314,28,大乘十法經,Daśadharma(ka)(sūtra),Chos-bcu-pa,53,760,29,
315,29,普門品經,Samantamukhaparivarta(sūtra),Kun-nas-sgoḥi leḥu,54,760,30,
316,1487,大乘菩薩藏正法經,Bodhisattvapiṭaka.,Byaṅ-chub-sems-dpaḥi-sde-snod.,56,760,1005,1330
317,30,胞胎經,Garbhāvakrāntinirdeśa(sūtra),Tshe-daṅ-ldan-pa dgaḥ-bo-la mṅal du ḥjug-pa bstan-pa,58,760,32,
318,31,文殊師利佛土嚴淨經,Mañjuśrībuddhakṣetraguṇavyūha(sūtra),Ḥjam-dpal-gyi saṅs-rgyas-kyi shiṅ-gi yon-tan bkod-pa,59,760,31,1381
319,1341,大聖文殊師利菩薩佛刹功德莊嚴經,Mañjuśrībuddhakṣetraguṇavyūhasūtra.,Ḥjam-dpal-gyi saṅs-rgyas-kyi shiṅ-gi yon-tan bkod-pa.,59,760,,1381
320,1496,父子合集經,Pitāputrasamāgama(sūtra).,Yab daṅ sras mjal-ba.,60,,,1333
321,1206,護國尊者所問大乘經,Rāṣṭrapālaparipṛcchā(sūtra).,Yul-ḥkhor-skyoṅ-gis shus-pa.,62,760,873,1361
322,32,法鏡經,Ugra(datta)paripṛcchā(sūtra),Khyim-bdag-drag-śul-can-gyis shus-pa,63,760,33,
323,33,郁迦羅越問菩薩行經,Ugra(datta)paripṛcchā(sūtra),Khyim-bdag-drag-śul-can-gyis shus-pa,63,760,34,1396
324,34,幻士仁賢經,Bhadramāyākāraparipṛcchā(sūtra),Sgyu-ma-mkhan bzaṅ-po luṅ-bstan-pa,65,760,35,
325,35,決定毗尼經,Upāliparipṛcchā(sūtra),Ḥdul-ba rnam-par-gtan-la-dbab-pa ñe-bar-ḥkhor gyis shus-pa,68,760,36,
326,1303,三十五佛名禮懺文,Upāliparipṛcchā.,Ḥdul-ba rnam-par-gtan-la-dbab-pa ñe-bar-ḥkhor gyis shus-pa.,68,760,979,
327,37,發覺淨心經,Adhyāśayasañcodana(sūtra),Lhag-paḥi-bsam-pa bskul-ba,69,760,37,
329,362,須賴經,Surataparipṛcchā(sūtra),ṅes pas shus- pa,71,760,44,
330,369,菩薩修行經,Vīradatta(gṛhapati)paripṛcchā(sūtra),Khyim-bdag-dpas-byin-gyis shus pa,72,760,389,1407
331,1468,無畏授所問大乘經,Vīradatta(gṛhapati)paripṛcchā(sūtra).,Khyim-bdag-dpas-byin-gyis shus-pa.,72,760,947,1407
332,38,優填王經,Udayanavatsarājaparipṛcchā(sūtra),Vatsaḥi-rgyal-po ḥchar-byed-kyis shus-pa,73,760,38,
333,1100,大乘日子王所問經,Udayanavatsarājaparipṛcchānāmaparivarta.,Batsaḥi-rgyal-po ḥchar-byed-kyis shus-pa.,73,760,788,
334,39,須摩提菩薩經,Sumatidārikāparipṛcchā(sūtra),Bu-mo blo-gros-bzaṅ-mos shus-pa,74,760,39,
336,36,須摩提經,Sumatidārikāparipṛcchā(sūtra),Bu-mo blo-gros-bzaṅ-mor shus-pa,74,760,39,
337,40,阿闍貰王女阿術達菩薩經,Aśokadattavyākaraṇa(sūtra),Mya-ṅan-med-kyis-byin-pa luṅ-bstan-pa,76,760,42,
338,41,離垢施女經,Vimaladattāparipṛcchā(sūtra),Dri-ma-med-kyis-byin-pas shus-pa,77,760,41,
339,42,得無垢女經,Vimaladattāparipṛcchā(sūtra),Dri-ma-med-kyis byin-pas shus-pa,77,760,45,
340,43,文殊師利所說不思議佛境界經,Acintyabuddhaviṣayanirdeśa(sūtra),Saṅs-rgyas-kyi yul bsam-kyis-mi-khyab-pa bstan-pa,79,760,46,
341,49,大乘顯識經,Bhadrapalāśreṣṭhiparipṛcchā(sūtra),Tshoṅ-dpon bzaṅ-skyoṅ-gis shus-pa,83,760,53,
342,44,如幻三昧經,Suṣṭhitamati(devaputra)paripṛcchā(sūtra),Lhaḥi-bu blo-gros-rab-gnas-kyis shus-pa,80,760,47,
343,46,太子刷護經,Siṃhaparipṛcchā(sūtra),Seṅ-ges shus-pa,81,760,49,1393
344,47,太子和休經,Siṃhaparipṛcchā(sūtra),Seṅ-ges shus-pa,81,760,50,1393
345,48,慧上菩薩問大善權經,(Upāyakauśalya)jñānottarabodhisattvaparipṛcchā(sūtra),Saṅs-rgyas thams-cad-kyi-gsaṅ chen thabs-la-mkhas-pa byaṅ-chub-sems-dpaḥ ye-śes dam-pas shu paḥi-leḥu,82;261,760,52,1345
346,1424,大方廣善巧方便經,(Upāyakauśalya)jñānottarabodhisattvaparipṛcchā(sūtra).,Saṅs-rgyas thams-cad-kyi gsaṅ chen thabs-la-mkhas-pa byaṅ-chub-sems-dpaḥ ye-śes dam-pas shus-paḥi leḥu.,82;261,760,926,1345
348,50,大乘方等要慧經,Maitreyaparipṛcchādharmāṣṭa(ka)(sūtra),Byams-pas shus-pa,85,760,54,
349,51,彌勒菩薩所問本願經,Maitreyaparipṛcchā(sūtra),Byams-pas shus-pa,86;149,760,55,
350,52,遺日摩尼寶經,Kāśyapaparivarta(sūtra),Ḥod-sruṅ-gi-leḥu,87,760,57,
351,53,摩訶衍寶嚴經,Kāśyapaparivarta(sūtra),Ḥod-sruṅ-gi-leḥu,87,760,58,
352,1123,大迦葉問大寶積正法經,Kāśyapaparivarta(sūtra).,Ḥod-sruṅ-gi-leḥu.,87,760,805,
353,54,勝鬘師子吼一乘大方便方廣經,Śrīmālā(devī)siṃhanādasūtra,Lha-mo dpal-phreṅ-gi-seṅ-geḥi sgra,92,760,69,
354,55,毗耶婆問經,Vyāsaparipṛcchā(sūtra),Draṅ-sroṅ-rgyas-pas shus-pa,93,760,60,1392
355,241,入法界體性經,Ratnakūṭasūtra,Rin-po-cheḥi mthaḥ,118,,51,1364
356,240,寶積三昧文殊師利菩薩問法身經,Ratnakūṭasūtra,Rin-po-cheḥi mthaḥ,118,,251,1364
357,188,如來莊嚴智慧光明入一切佛境界經,Sarvabuddhaviṣayāvatārajñānalokālaṃkārasūtra,Saṅs-rgyas thams-cad-kyi yul-la ḥjug-paḥi ye-śes snaṅ-baḥi rgyan,100,768,,1390
358,189,度一切諸佛境界智嚴經,Sarvabuddhaviṣayāvatārajñānalokālaṃkārasūtra,Saṅs-rgyas thams-cad-kyi yul-la ḥjug-paḥi ye-śes snaṅ-baḥi rgyan,100,768,56,1390
359,1489,大乘入諸佛境界智光明莊嚴經,Sarvabuddhaviṣayāvatārajñānālokālaṁkārasūtra.,Saṅs-rgyas thams-cad-kyi yul-la ḥjug-paḥi ye-śes snaṅ-baḥi rgyan.,100,768,1013,1390
360,26,無量壽經,Sukhāvatīvyūhasūtra,Ḥod-dpag-med-kyi bkod-pa,49,760,27,
361,24,無量淸淨平等覺經,Sukhāvatīvyūhasūtra,Ḥod-dpag-med-kyi bkod-pa,49,760,25,
362,25,阿彌陀三耶三佛薩樓佛壇過度人道經,Sukhāvatīvyūhasūtra,Ḥod-dpag-med-kyi bkod-pa,49,760,26,
363,1199,大乘無量壽莊嚴經,Sukhāvatīvyūha.,Ḥod-dpag-med-kyi bkod-pa.,49,760,863,
366,192,阿彌陀經,Sukhāvatī(amṛta)vyūhasūtra,Bde-ba-can-gyi bkod-pa,,783,200,
367,193,稱讚淨土佛攝受經,Sukhāvatīvyūha(sūtra),Bde-ba-can-gyi bkod-pa,115,783,199,
370,443,阿彌陀鼓音聲王陀羅尼經,Aparimitāyurjñānahṛdayadhāraṇī,Tshe daṅ ye-śes dpag-tu-med-paḥi sñiṅ-po,676;850,363;475,485,
371,376,觀世音菩薩授記經,Māyopamasamādhisūtra,Sgyu-ma lta-buḥi tiṅ-ṅe-ḥdsin,130,798,395,
372,1450,如幻三摩地無量印法門經,Māyopamasamādhisūtra.,Sgyu-ma lta-buḥi tiṅ-ṅe-ḥdsin.,130,798,977,
374,105,大般涅槃經,Mahāparinirvāṇasūtra,Yoṅs-su-mya-ṅan-las-ḥdas-pa chen-po,119;120,787;788,113,1370
375,1403,大般涅槃經,Mahāparinirvāṇasūtra.,Yoṅs-su-mya-ṅan-las-ḥdas-pa chen-po.,120,788,114,1370
376,106,大般泥洹經,Mahāparinirvāṇasūtra,Yoṅs-su-mya-ṅan-las-ḥdas-pa chen-po,120,788,120,1370
377,107,大般涅槃經後分,Mahāparinirvāṇasūtra,Yoṅs-su-mya-ṅan-las-ḥdas-pa chen-po,119,787,115,
378,108,方等般泥洹經,Caturdārakasamādhisūtra,Khyeḥu bshiḥi tiṅ-ṅe-ḥdsin,136,804,116,
379,109,四童子三昧經,Caturdārakasamādhisūtra,Khyeḥu bshiḥi tiṅ-ṅe-ḥdsin,136,804,121,
380,110,大悲經,Mahākaruṇāpuṇḍarīkasūtra,Sñiṅ-rje-chen-poḥi pad-ma dkar-po,111,779,117,1348
381,140,等集衆德三昧經,Sarvapuṇyasamuccayasamādhisūtra,Bsod-nams thams-cad bsdus-paḥi tiṅ-ṅe-ḥdsin,134,802,128,
382,141,集一切德三昧經,Sarvapuṇyasamuccayasamādhisūtra,Bsod-nams thams-cad bsdus-paḥi tiṅ-ṅe-ḥdsin,134,802,129,
383,373,摩訶摩耶經,Mahāmāyāsūtra,,,,382,
385,414,中陰經,Antarābhava(sūtra),,,,463,
387,164,大方等無想經,Mahāmeghasūtra,Sprin chen-po,,898,241,
390,483,佛臨涅槃記法住經,Mahāparinirvāṇasūtra,Yoṅs-su-mya-ṅan-las-ḥdas-pa chen-poḥi mdo,121,789,123,1370
397,56,大方等大集經,(Mahāvaipulyamahā)sannipātasūtra,,138;147;148;152;169;175;230;257;0,806;814;815;819;836;842;896;923,61,1353
398,72,大哀經,Tathāgatamahākaruṇānirdeśa(sūtra),De-bshin-gśegs-paḥi sñiṅ-rje chen-po ṅes-par bstan-pa,147,814,79,1351
399,74,寶女所問經,Mahāyānopadeśa(sūtra),Theg-pa chen-poḥi man-nag,169,836,80,1366
400,1481,海意菩薩所問淨印法門經,Sāgaramatiparipṛcchāsūtra.,Blo-gros rgya-mtshos shus-pa.,152,819,976,
402,78,寶星陀羅尼經,Ratnaketudhāraṇī(sūtra),(Ḥdus-pa chen-po)rin-po-che-tog-gi gzuṅs,138,806,84,1349
403,70,阿差末菩薩經,Akṣayamati(nirdeśa)sūtra,Blo-gros-mi-zod-pas bstan-pa,175,842,74,1344
404,1339,大集大虛空藏菩薩所問經,Gagaṇagañjaparipṛcchā(sūtra).,Nam-mkhaḥ-mdsod-kyis shus-pa.,148,815,,1336
405,62,虛空藏菩薩經,Ākāśagarbhasūtra,Nam-mkhaḥi sñiṅ-po,260,926,68,1342
407,63,虛空藏菩薩呪經,Ākāśagarbhasūtra,Nam-mkhaḥi sñiṅ-po,260,926,69,1342
408,61,虛空孕菩薩經,Ākāśagarbhasūtra,Nam-mkhaḥi sñiṅ-po,260,926,67,1342
410,58,大方廣十輪經,Daśacakrakṣitigarbha(sūtra),(Ḥdus-pa chen-po-las) saḥi-sñin-poḥi ḥkhor-lo bcu-pa,239,905,,
411,57,大乘大集地藏十輪經,Daśacakrakṣitigarbha(sūtra),Ḥdus-pa chen-po-las saḥi-sñin-poḥi ḥkhor-lo bcu-pa,239,905,64,
414,60,菩薩念佛三昧經,Bodhisattvabuddhānusmṛtisamādhi(sūtra),,,,71,
415,65,大方等大集經菩薩念佛三昧分,Bodhisattvabuddhānusmṛtisamādhi,,,,72,
416,66,大方等大集經賢護分,Bhadrapālasūtra,Da-ltar-gyi saṅs-rgyas mṅon-sum du bshugs-paḥi tiṅ-ṅe-ḥdsin,133,801,75,745
417,68,般若三昧經,Bhadrapālasūtra,Da-ltar-gyi saṅs-rgyas mṅon-sum du bshugs-paḥi tiṅ-ṅe-ḥdsin,133,801,73,745
418,67,般舟三昧經,Bhadrapālasūtra,Da-ltar-gyi saṅs-rgyas mṅon-sum du bshugs-paḥi tiṅ-ṅe-ḥdsin,133,801,73,745
419,69,拔陂菩薩經,Bhadrapālasūtra,Da-ltar-gyi saṅs-rgyas mṅon-sum du bshugs-paḥi tiṅ-ṅe-ḥdsin,133,801,76,745
420,75,自在王菩薩經,Vikurvāṇarājaparipṛcchā(sūtra),Rnam-par-ḥphrul-baḥi rgyal-pos shus-pa,167,834,82,1409
421,76,奮迅王問經,Vikurvāṇarājaparipṛcchā(sūtra),Rnam-par-ḥphrul-baḥi rgyal-pos shus-pa,167,834,83,1409
423,398,僧伽吒經,Saṅghāṭīsūtradharmaparyāya(sūtra),Zuṅ-gi mdoḥi chos-kyi-rnam-graṅs,102,770,449,
424,1412,大集會正法經,Sanghāṭīsūtradharmaparyāya.,Zuṅ-gi mdoḥi chos-kyi-rnam-graṅs.,102,770,972,
425,387,賢劫經,Bhadrakalpikasūtra,Bskal-ba bzaṅ po,94,762,403,
427,271,八吉祥神咒經,Aṣṭabuddhaka(sūtra),Saṅs-rgyas brgyad-pa,271,937,299,
428,276,八陽神咒經,Aṣṭabuddhaka(sūtra),Saṅs-rgyas brgyad pa,271,937,300,
429,493,八部佛名經,Maṅgalāṣṭaka(sūtra),Bkra-śis brgyad-pa,278,944,410,
430,286,八吉祥經,Aṣṭabuddhaka(sūtra),Saṅs-rgyas brgyad-pa,271;277,937;943,301,
431,282,八佛名號經,Aṣṭabuddhaka(sūtra),Saṅs-rgyas brgyad pa,271;277,937;943,302,
433,354,寶網經,Ratnajālīparipṛcchā(sūtra),Rin-chen-dra-ba-can-gyis shus-pa,163,830,385,
434,371,稱揚諸佛功德經,Kusumasañcayasūtra,Me-tog-gi tshogs,266,932,402,
435,464,滅十方冥經,Daśadigandhakāravidhvaṃsana(sūtra),Phyogs-bcuḥi mun-pa rnam-par-sel-ba,269,935,515,
437,1145,大乘寶月童子問法經,Ratnacandraparipṛcchā(sūtra).,Rin-chen-zla-bas shus-pa.,164,831,826,
438,1479,大乘大方廣佛冠經,Buddhamakuṭasūtra.,Saṅs-rgyas-kyi dbu-rgyan.,274,940,968,
443,394,五千五百佛名神呪除障滅罪經,Buddhanāmasahasrapañcaśatacatustripañcadaśa(sūtra),Saṅs-rgyas-kyi mtshan lṅa-stoṅ-bshi-brgya-lṅa-bcu-rtsa-gsum-pa,262,928,408,
449,176,藥師如來本願經,Bhaiṣajyagurupūrvapraṇidhānaviśeṣavistara(sūtra),Bcom-ldan-ḥdas sman-gyi bla bai-dūryaḥi ḥod-kyi sṅon-gyi smon-lam-gyi khyad-par rgyas-pa,503;504,135;136,170,
450,177,藥師琉璃光如來本願功德經,Bhaiṣajyaguruvaiḍūryaprabhāsapūrvapraṇidhānaviśeṣavistara(sūtra),Bcom-ldan-ḥdas sman-gyi bla bai-dūryaḥi ḥod-kyi sṅon-gyi smon-lam-gyi khyad-par rgyas-pa,504,136,171,1404
451,178,藥師琉璃光七佛本願巧德經,Saptatathāgatapūrvapraṇidhānaviśeṣavistara(sūtra),De-bshin-gśegs-pa bdun-gyi sṅon-gyi smon-lam-gyi khyad-par rgyas-pa,503;504,135;136,172,
452,194,觀彌勒菩薩上生兜率天經,,,199,,,
454,198,彌勒下生成佛經,Maitreyavyākaraṇa(sūtra),,,,205,1403
455,199,彌勒下生成佛經,Maitreyavyākaraṇa(sūtra),,,,207,1403
457,196,彌勒來時經,Maitreyavyākaraṇa(sūtra),,,,206,1403
460,537,文殊師利淨律經,Paramārthasaṃvṛtisatyanirdeśa(sūtra),Kun-rdsob daṅ don-dam-paḥi bden-pa bstan-pa,179,846,1084,1368
461,149,文殊師利現寶藏經,Ratnakāraṇḍa(ka)(vyūha)sūtra,Dkon-mchog-gi za-ma-tog,117,785,168,1408
462,150,大方廣寶篋經,Ratnakāraṇḍa(ka)(vyūha)sūtra,Dkon-mchog-gi za-ma-tog,117,785,169,1408
464,222,文殊師利問菩提經,Gayāśīrṣasūtra,Ga-ya mgoḥi ri,109,777,238,
465,223,伽耶山頂經,Gayāśīrṣasūtra,Ga-ya mgoḥi ri,109,777,239,
466,224,象頭精舍經,Gayāśīrṣasūtra,Ga-ya mgoḥi ri,109,777,240,
467,225,大乘伽耶山頂經,Gayāśīrṣasūtra,Ga-ya mgoḥi ri,109,777,241,
468,412,文殊師利問經,Mañjuśrīparipṛcchā(sūtra),,,,442,
470,265,文殊師利巡行經,Mañjuśrīvihārasūtra,Ḥjam-dpal gnas-pa,196,863,286,1369
471,267,文殊尸利行經,Mañjuśrīvihārasūtra,Ḥjam-dpal gnas-pa,196,863,287,
472,1099,大乘善見變化文殊師利問法經,Bodhipakṣanirdeśa(sūtra).,Byaṅ-chub-kyi phyogs bstan-pa.,178,845,792,1382
473,1211,妙吉祥菩薩所問大乘法螺經,Mañjuśrīparipṛcchā(sūtra).,Ḥjam-dpal-gyis dris-pa.,172,839,995,
474,120,維摩詰經,Vimalakīrtinirdeśasūtra,Dri-ma-med-par-grags-pas bstan-pa,176,843,147,1340
475,119,維摩詰所說經,Vimalakīrtinirdeśasūtra,Dri-ma-med-par-grags-pas bstan-pa,176,843,146,
476,121,說無垢稱經,Vimalakīrtinirdeśasūtra,Dri-ma-med-par-grags-pas bstan-pa,176,843,149,1340
477,122,大方等頂王經,Vimalakīrtinirdeśasūtra,,176,,145,
478,123,大乘頂王經,Vimalakīrtinirdeśasūtra,Dri-ma-med-par-grags-pas bstan-pa,,,144,
479,124,善思童子經,Vimalakīrtinirdeśasūtra,,,,181,
480,415,月上女經,Candrottarādārikāparipṛcchāsūtra,Bu-mo zla-mchog luṅ-bstan pa,191,858,441,
481,145,持人菩薩經,Lokadharaparipṛcchā(sūtra),Ḥjig-rten-ḥdsin-gyis yoṅs-su dris-pa,174,841,165,
482,146,持世經,Lokadharaparipṛcchā(sūtra),Ḥjig-rten-ḥdsin-gyis yoṅs-su dris-pa,174,841,166,
484,381,不思議光菩薩所說經,Acintyaprabhāsanirdeśa,Khyeḥu snaṅ-ba bsam-gyis mi khyab-pas bstan pa,103,771,396,
486,497,師子莊嚴王菩薩請問經,Maṇḍalāṣṭasūtra,Dkyil-ḥkhor brgyad ces-bya-baḥi chos kyi-rnam-graṅs,105,773,462,
488,1227,寶授菩薩菩提行經,Bodhisattvacaryānirdeśa(sūtra).,Byaṅ-chub-sems-dpaḥi spyod-pa bstan-pa.,184,851,917,
489,1476,除蓋障菩薩所問經,Ratnameghasūtra.,Dkon-mchog sprin.,231,897,964,1337
514,260,諫王經,Rājāvavādaka(sūtra),Rgyal-po-la gdams-pa,221,,248,1429
515,258,如來示教勝軍王經,Rājāvavādaka(sūtra),Rgyal-po-la gdams-pa,221,887,249,1429
516,1417,勝軍王所問經,Rājāvavādakasūtra.,Rgyal-po-la gdams-pa.,221,887,988,1429
533,359,菩薩生地經,Kṣemaṅkāraparipṛcchā(sūtra),Bde-byed-kyis shus pa,165,832,378,
534,219,月光童子經,Candraprabhakumāra(sūtra),,,,230,
535,234,申日經,Candraprabhakumāra(sūtra),,,,,
536,220,申日兒本經,Candraprabhakumāra(sūtra),,,,231,
540,505,樹提伽經,Jyotiṣka(sūtra),,,,453,
544,854,辯意長者子經,Pratibhānamatiparipṛcchā(sūtra).,Spobs-paḥi blo-gros-kyis shus-pa.,151,818,769,
545,221,德護長者經,Śrīguptasūtra,Dpal-sbas,217,883,232,
549,1437,光明童子因綠經,Jyotiṣkāvadāna.,,,,939,
550,1483,金色童子因緣經,Suvarṇavarṇāvadāna.,Gser-mdog-gi rtogs-pa-brjod-pa.,4144,,,
551,759,摩鄧女經,Mātangīsūtra.,,,,643,
552,762,摩登女解形中六事經,Mātangīsūtra.,,,,644,
559,216,老女人經,Mahālalikāparipṛcchā(sūtra),Bgres-mos shus-pa,171,838,224,
560,218,老母女六英經,Mahālalikāparipṛcchā(sūtra),Bgres-mos shus-pa,171,838,226,
561,217,老母經,Mahālalikāparipṛcchā(sūtra),Bgres-mos shus-pa,171,838,225,
562,231,無垢賢女經,Strīvivartavyākaraṇa(sūtra),,,,235,
563,232,腹中聽經,Strīvivartavyākaraṇa(sūtra),,,,236,
564,233,轉女身經,Strīvivartavyākaraṇa (sūtra),,,,237,
565,204,順權方便經,Sirīvivartavyākaraṇa(sūtra),Bud-med ḥgyur-ba luṅ-bstan-pa,190,857,214,
566,205,藥瓔珞莊嚴方便品經,Sirīvivartavyākaraṇa(sūtra),Bud-med ḥgyur-ba luṅ-bstan-pa,190,857,215,
567,356,梵志女首意經,Śrīmatībrāmaṇīparipṛcchā(sūtra),Bram-ze-mo dpal-ldan-mas shus pa,170,837,342,
568,489,有德女所問大乘經,Śrīmatībrāhmāṇiparipṛcchā(sūtra),Bram-ze-mo dpal-ldan-mas shus pa,170,837,343,
573,492,差摩婆帝授記經,Kṣemavatīvyākaraṇa(sūtra),Bde-ldan-ma luṅ-bstan-pa,192,859,461,
575,264,大方等修多羅王經,Bhavasaṅkrāntisūtra,Srid-pa ḥpho-ba,226,,285,1379
576,266,轉有經,Bhavasaṅkrāntisūtra,Srid-pa ḥpho-ba,226,892,284,1379
577,494,大乘流轉諸有經,Bhavasaṅkrāntisūtra,Srid-pa ḥpho-ba,226,892,526,1379
579,500,優婆夷淨行法門經,Upasikābrahmacāryadharmaparyāyasūtra,,,,506,
584,869,長爪梵志請問經,Dīrghanakhaparivrājakaparipṛcchā(sūtra).,Kun-tu-rgyu-pa sen-riṅs-kyis shus-pa.,342,1009,734,
585,142,持心梵天所問經,Brahmaviśeṣacintīparipṛcchā(sūtra),Tshaṅs-pa khyad-par-sems-kyi shus-pa,160,827,197,1367
586,143,思梵天所問經,Brahmaviśeṣacintīparipṛcchā(sūtra),Tshaṅs-pa khyad-par-sems-kyi shus-pa,16,827,190,
587,144,勝思惟梵天所問經,Brahmaviśeṣacintīparipṛcchā(sūtra),Tshaṅs-pa khyad-par-sems-kyi shus-pa,160,827,189,
588,372,須眞天子經,Suvikrānta(cintā)devaputraparipṛcchā(sūtra),Laḥi-bu rab-rtsal-sems-kyis shus pa,161,828,393,
589,463,摩逆經,Mañjuśrīvikurvāṇa parivarta=(sūtra),Ḥjam-dpal rnam-par ḥphrul-baḥi leḥu,97,765,517,
592,881,天請問經,Devatāsūtra.,Lhaḥi mdo.,329,995,753,
593,261,佛爲勝光天子說王法經,Rājāvavādaka(sūtra),Rgyal-po-la gdams-pa,221,887,250,1429
595,1111,嗟韈曩法天子受三歸依獲免惡道經,Sūkarikāvadāna(sūtra).,Phag-moḥi rtogs-pa-brjod-pa.,345,1014,806,
597,780,龍王兄弟經,Nandopanandanāgarājadamanasūtra.,Kluḥi rgyal-po dgaḥ-bo ñer-dgaḥ ḥdul-baḥi mdo.,39,755,707,
598,377,海龍王經,Sāgaranāgarājaparipṛcchā=(sūtra),Kluḥi rgyal po rgya-mtshos shus- pa,153,820,456,
599,495,佛爲海龍王說法印經,Sāgaranāgarājaparipṛcchā(sūtra),Kluḥu rgyal-po rgya-mtshos shus-pa,155,822,457,
601,1140,佛爲娑伽羅龍王所說大乘經,Sāgaranāgarājaparipṛcchā(sūtra).,Kluḥi rgyal-po rgya-mtshos shus-pa.,154,821,840,1357
606,984,修行道地經,Yogacārabhūmi.,,,,1325,
618,1003,達摩多羅禪經,Yogacārabhūmi.,Ta mo to lo ch'an ching. (2 chüan) (Dharmatāra/Dharmatrāta),,,1341,
624,129,伅眞陀羅所問如來三昧經,Drumakinnararājaparipṛcchā(sūtra),Mi-ḥam-ciḥi rgyal-pa sdoṅ-pos shus-pa,157,824,161,1352
625,130,大樹緊那羅王所問經,Drumakinnararājaparipṛcchā(sūtra),Mi-ḥam-ciḥi rgyal-pa sdoṅ-pos shus-pa,157,824,162,1352
626,179,阿闍世王經,Ajātaśatrukaukṛtyavinodana(sūtra),Ma-skyes-dgraḥi ḥgyod-pa bsal-ba,216,882,174,1358
627,175,文殊支利普超三昧經,Ajātaśatrukaukṛtyavinodana(sūtra),Ma-skyes-dgraḥi ḥgyod-pa bsal-ba,216,882,182,1358
628,1408,未曾有正法經,Ajātaśatrukaukṛtyavinodana(sūtra).,Ma skyes-dgraḥi ḥgyod-pa bsal-ba.,216,882,925,1358
629,180,放鉢經,Ajātaśatrukaukṛtyavinodana(sūtra),Ma-skyes-dgraḥi ḥgyod-pa bsal-ba,216,882,183,
632,172,慧印三昧經,Tathāgatajñānamudrā(samādhi)(sūtra),De-bshin-gśegs-paḥi ye-śes-kyi phyag-rgyaḥi tiṅ-ṅe-ḥdsin,131,799,256,1387
633,173,如來智印經,Tathāgatajñānamudrā(samādhi)(sūtra),De-bshin-gśegs-paḥi ye-śes-kyi phyag-rgyaḥi tiṅ-ṅe-ḥdsin,131,799,255,
635,407,弘道廣顯三昧經,Anavataptanāgarājaparipṛcchāsūtra,Kluḥi rgyal-po ma-dros-pas shus pa,156,823,437,1389
639,181,月燈三昧經,Samādhirāja(candrapradīpa)sūtra,Chos thams-cad-kyi raṅ-bshiṅ mñam-pa-ñid rnam-par-spros pa tiṅ-ṅe-ḥdsin-gyi rgyal-po,127,795,191,1332
640,182,月燈三昧經,,,127,795,192,
641,183,月燈三昧經,,,127,795,,
642,378,首楞嚴三昧經,Śuraṅgamasamādhisūtra,Dpaḥ-bar-ḥgro-baḥi tiṅ-ṅe-ḥdsin,132,800,399,1356
645,138,不必定入定入印經,Niyatāniyata(gati)mudrāvatārasūtra,ṅes-pa daṅ ma-ṅes-par ḥgro-baḥi phyag-rgya-la ḥjug-pa,202,868,132,
646,139,入定不定印經,Niyatāniyata(gati)mudrāvatārasūtra,ṅes-pa daṅ ma-ṅes-par ḥgro-baḥi phyag-rgya-la ḥjug-pa,202,868,131,
648,482,寂照神變三摩地經,Praśāntaviniścayaprātihārya(samādhi)sūtra,Rab-tu-shi-ba rnam-par-ṅes-paḥi cho-ḥphrul-gyi tiṅ-ṅe-ḥdsin,129,797,522,1377
650,168,諸法無行經,Sarvadharmapravṛttinirdeśa(sūtra),Chos thams-cad ḥbyuṅ-ba med-par bstan-pa,18,847,164,1362
651,169,諸法本無經,Sarvadharmapravṛttinirdeśa(sūtra),Chos thams-cad ḥbyuṅ-ba med-par bstan-pa,180,847,163,1362
653,529,佛藏經,Buddhapiṭakaduḥśīlanirgraha(sūtra),Saṅs-rgyas-kyi sde-snod tshul-khrims ḥchal-ba tshar-gcod-pa,123;220,791;886,1095,
654,1438,入無分別法門經,Avikalpapraveśadhāraṇī(sūtra).,Rnam-par mi-rtog-par ḥjug-pa.,142,810,942,
657,396,華手經,Kuśalamūlasamparigraha(sūtra),Dge-baḥi rtsa-ba yoṅs-su ḥdsin pa,101,769,425,
658,134,寶雲經,Ratnameghasūtra,Dkon-mchog sprin,231,897,152,1337
660,133,寶雨經,Ratnameghasūtra,Dkon-mchog sprin,231,897,151,1337
661,244,大乘百福相經,Mañjuśrīparipṛcchā(sūtra),Ḥjam-dpal-gyis dris-pa,172,839,264,
662,245,大乘百福莊嚴相經,Mañjuśrīparipṛcchā(sūtra),,172,839,265,
663,1465,金光明經,Suvarṇaprabhāsa(uttamarāja)sūtra.,Gser-ḥod dam-pa mdo-sdeḥi dbaṅ-paḥi rgyal-po.,555;556;557;4379,174;175;176,127,
664,128,合部金光明經,Suvarṇaprabhāsa(uttamarāja)sūtra,Gser-ḥod dam-pa mdo-sdeḥi dbaṅ-poḥi smon-lam,555;556;557;4379,174;175;176,130,1339
665,127,金光明最勝王經,Suvarṇaprabhāsa(uttamarāja)sūtra,Gser-ḥod dam-pa mchog-tu rnam-par rgyal-baḥi mdo-sdeḥi ryal-po,555;556;557;4379,174;175;176,126,1339
667,1359,大方廣如來藏經,Tathāgatagarbhasūtra.,De-bshin-gśegs-paḥi sñiṅ-po.,258,924,,
670,159,楞伽阿跋多羅寶經,Laṅkāvatārasūtra,Laṅ-kar-gśegs-paḥi theg-pa chen-poḥi mdo,107;108,775;776,175,1338
671,160,入楞伽經,Laṅkāvatārasūtra,Laṅ-kar-gśegs-paḥi theg-pa chen-poḥi mdo,107;108,775;776,176,1338
672,161,大乘入楞伽經,Laṅkāvatārasūtra,Laṅ-kar-gśegs-paḥi theg-pa chen-poḥi mdo,107;108,775;776,177,1338
673,151,大乘同性經,Mahāyānābhisamaya(sūtra),Dgoṅs-pa ṅes-par ḥgrel-pa,,,195,
674,152,證契大乘經,Mahāyānābhisamaya(sūtra),Dgoṅs-pa ṅes-par ḥgrel-pa,,,196,
675,153,深密解脫經,Sandhīnirmocanasūtra,Dgoṅs-pa ṅes-par ḥgrel-pa,106,774,246,1359
676,154,解深密經,Sandhīnirmocanasūtra,Dgoṅs-pa ṅes-par ḥgrel-pa,106,774,247,1359
677,155,解節經,Sandhīnirmocanasūtra,Dgoṅs-pa ṅes-par ḥgrel-pa,106,774,156,1359
678,156,相續解脫地波羅密了義經,Sandhīnirmocanasūtra,Dgoṅs-pa ṅes-par ḥgrel-pa,106,774,154,1359
680,460,佛地經,Buddhabhūmi(sūtra),Saṅs-rgyas-kyi sa,275,941,502,
681,417,大乘密嚴經,Ghanavyūhasūtra,Rgyan stug-po bkod-pa,110,778,444,1343
682,1344,大乘密嚴經,Ghanavyūhasūtra.,Rgyan stug-po bkod-pa.,110,778,444,1343
688,237,未曾有經,Adbhutadharmaparyāyasūtra,Rmad-du-byuṅ-ba,319,985,260,
689,236,甚希有經,Adbhutadharmaparyāyasūtra,Rmad-du-byuṅ-ba,319,985,261,
692,281,作佛形像經,Tathāgatapratibimbapratiṣṭhanuśaṃsā(sūtra),,,,289,
693,280,造立形像福報經,Tathāgatapratibimbapratiṣṭhanuśaṃsā(sūtra),,,,290,
694,419,大乘造像功德經,Tathāgatapratibimbapratiṣṭhānuśaṃsā(sūtra),,,,288,
700,486,右繞佛塔功德經,Caityapradakṣiṇagātha(sūtra),Mchod-rten bskor-baḥi tshigs-su-bcad pa,321,987,458,
702,408,施燈功德經,Pradīpadānīya(sūtra),Mar-me ḥbul-ba,204,870,428,
704,1101,樓閣正法甘露皷經,Kūṭāgārasūtra.,Khaṅ-bu brtsegs-paḥi mdo.,332,998,791,
705,1176,布施經,Dānādhikāra(mahāyāna)sūtra.,Sbyin-paḥi phan-yon bstan-pa.,183,850,810,
708,268,了本生死經,Śālistamb(h)a(ka)sūtra,Sā-luḥi ljaṅ pa,210,876,281,
709,272,稻芋經,Śālistamb(h)a(ka)sūtra,Sā-luḥi ljaṅ pa,210,876,280,
710,1297,慈氏菩薩所說大乘緣生稻簳喩經,Śālistamb(h)a(ka)sūtra.,Sā-lu-ljaṅ-pa.,210,876,963,
711,1191,大乘舍黎娑擔摩經,Śālistamb(h)a(ka)sūtra.,Sā-lu-ljaṅ pa.,210,876,867,1402
713,269,貝多樹下思惟十二因經,Nidānasūtra,,,,278,
714,259,緣起聖道經,Nidānasūtra,,,,279,
715,1245,舊城喩經,Nidānasūtra.,,,,902,
721,801,正法念處經,(Saddharma)smṛtyupasthānasūtra.,Dam-paḥi chos dran-pa ñe-bar gshag-pa.,287,953,679,
722,1116,妙法聖念處經,(Saddharma)smṛtyupasthānasūtra.,,,,804,
726,1490,六趣輪廻經,Ṣaḍgatikārikā.,,,,,
727,1491,十不善業道經,Daśākuśalakarmapathanirdeśa.,Mi-dge-ba bcuḥi las-kyi lam bstan-pa.,3958;4178;4483;4503,,1379,
728,1494,諸法集要經,Dharmasamuccaya.,,,,,
744,374,除恐災患經,Śrīkaṇṭhasūtra,,,,398,
749,858,因緣僧護經,Saṅgharakṣitāvadāna.,,,,781,
754,383,未曾有因緣經,Adbhutadharmparyāya,,,,400,
758,1112,諸行有爲經,Anityatāsūtra.,Mi-rtag-pa-ñid-kyi mdo.,310,976,801,
759,1105,較量壽命經,Āyuṣparyantasūtra.,Tsheḥi mthaḥi mdo.,307,973,807,
761,404,法集經,Dharmasaṃgītisūtra,Chos yaṅ-dag-par sdud pa,238,904,426,1346
762,1250,決定義經,Arthaviniścayadharmaparyāyasūtra.,Don rnam-par ṅes-pa shes-bya-baḥi chos-kyi rnam-graṅs.,317,983,928,
764,1124,法集名數經,Dharmasangraha(sūtra).,,,,812,
765,803,本事經,Itivṛttakasūtra.,,,,714,
766,1249,法身經,Dharmaśarīrasūtra.,,,,921,
772,246,大乘四法經,Caturdharmakasūtra,Chos-bshi pa,251,917,266,
773,247,菩薩修行四法經,Caturdharmakasūtra,Chos-bshi pa,251,,267,
774,485,大乘四法經,Catuṣkanirhārasūtra,Bshi-pa sgrub-pa,177;252,844;918,520,
776,1254,四品法門經,Bahudhātukasūtra.,Khams maṅ-poḥi-mdo.,297,963,996,
780,1386,十力經,Daśabalasūtra.,,,,,
781,1473,佛十力經,Daśabalasūtra.,,,,,
785,793,得道梯橙錫杖經,,,335;336,1001;1002,691,
801,870,無常經,Anityatāsūtra.,Mi-rtag-pa-ñid-kyi mdo.,309,975,727,
807,361,內藏百寶經,Lokānuvartanasūtra,Ḥjig-rten-gyi rjes-su-ḥthum-par ḥjug-pa,200,866,386,
808,229,犢子經,Vatsasūtra,,,,233,
809,230,乳光佛經,Vatsasūtra,,,,234,
810,384,諸佛要集經,Buddhasaṅgītisūtra,Saṅs-rgyas bgro-ba,228,894,401,1360
811,238,決定總持經,Buddakṣepana.,Saṅs-rygas mi spaṅ-pa.,276,,242,
813,184,無希望經,Hastikakṣyā(sūtra),Glaṅ-poḥi rtsal,207,873,194,1399
814,185,象腋經,Hastikakṣyā(sūtra),Glaṅ-poḥi rtsal,207,873,193,1399
817,186,大淨法門經,Mañjuśrīvikrīḍitasūtra,Ḥjam-dpal rnom-par rol-pa,96,764,184,
818,187,大莊嚴法門經,Mañjuśrīvikrīḍitasūtra,Ḥjam-dpal rnom-par rol-pa,96,764,185,
821,413,大方廣如來祕密藏經,Tathāgatagarbhasūtra,,,,443,
828,213,無字寶篋經,Anakṣarakaraṇḍakavairocanagarbha(sūtra),Yi-ge med-paḥi za-ma-tog rnam par-snaṅ-mdsad-kyi sñiṅ-po,259,925,221,
829,214,大乘離文字普光明藏經,Anakṣarakaraṇḍakavairocanagarbha(sūtra),Yi-ge med-paḥi za-ma-tog rnam par-snaṅ-mdsad-kyi sñiṅ-po,259,925,222,
830,215,大乘遍照光藏無字法問經,Anakṣarakaraṇḍakavairocanagarbha(sūtra),Yi-ge med-paḥi za-ma-tog rnam par-snaṅ-mdsad-kyi sñiṅ-po,259,925,223,
831,239,謗佛經,Buddakṣepana.,Saṅs-rygas mi spaṅ-pa.,276,,243,
833,202,第一義法勝經,Paramārthadharmavijayasūtra,Don-dam-paḥi chos-kyis rnam-par rgyal-ba,246,912,,1380
834,203,大威燈光仙人問疑經,Paramārthadharmavijayasūtra,Don-dam-paḥi chos-kyis rnam-par rgyal-ba,246,912,211,1380
835,242,如來師子吼經,Siṃhanādikasūtra,Seṅ-geḥi sgra bsgrags pa,209,,262,
836,243,大方廣師子吼經,Siṃhanādikasūtra,Seṅ-geḥi sgra bsgrags pa,209,875,263,
846,1128,外道問聖大乘法無我義經,Nairātmyaparipṛcchānirdeśa.,Bdag-med-pa dris-pa.,173,840,818,
848,427,大毘盧遮那成佛神變加持經,Mahāvairocana(abhisaṃbodhivikurvitādhiṣṭānavaipulya)-(sūtra),Rnam-par-snaṇ-mdsad chen-po mṅo-par-rdsogs-par byaṅ-chub-pa rnam-par-sprul-pa byin-gyis-rlob-pa śin-tu rgyas-pa mdo-sdeḥi dbaṅ-poḥi rgyal-po,494,126,530,
865,1274,金剛頂一切如來眞實攝大乘現證大經王經,Sarvatathāgatatattvasaṁgraha(sūtra).,De-bshin-gśegs-pa thams-cad-kyi de-kho-na-ñid bsdus-pa.,479,112,1020,
866,429,金剛頂瑜伽中略出念誦經,Sarvatathāgatatattvasaṃgraha(sūtra),De-bshin-gśegs-pa thams-cad-kyi de-kho-na-ñid bsdus-pa,479,,534,
882,1466,一切如來眞實攝大乘現證三昧大教王經,Sarvatathāgatatattvasaṁgraha(sūtra).,De bshin-gśegs-pa thams-cad-kyi de kho-na-ñid bsdus-pa..,479,112,1017,
883,1454,祕密三昧大教王經,Guhyasamayagarbharāja.,,,,1029,
884,1462,祕密相經,Guhyagarbharāja.,,,,1026,
885,1418,一切如來金剛三業最上祕密大教王經,Sarvatathāgatakāyavākcittarahasyaguhyasamājamahākalparāja.,De-bshin-gśegs-pa thams-cad-kyi sku gsuṅ thugs-kyi gsaṅ chen gsaṅ-ba ḥdus-pa shes-bya-ba brtag-paḥi rgyal-po chen-po.,442,81,1027,
886,1442,金剛場莊嚴般若波羅蜜多教中一分,(Srī)vajramaṇḍālaṁkāramahātantrarāja.,Dpal rdo-rje sniṅ-po rgyan.,490,123,944,
887,1434,無二平等最上瑜伽大教王教,Advayasamatāvijayakalparāja.,Gñis-su-med-pa mñam-pa-ñid rnam-par-rgyal-ba shes-bya-baḥi rtog-paḥi rgyal-po chen-po.,452,87,1030,
888,1452,一切祕密最上名義大教王儀軌,Sarvarahasyatantrarāja.,Thams-cad gsaṅ-ba shes-bya-ba rgyud-kyi rgyal-po.,481,114,1385,
890,1220,瑜伽大教王經,Māyājālamahātantra.,Rgyud-kyi rgyal-po chen-po sgyu-ḥphrul dra-ba.,466,102,1022,
893,432,蘇悉地羯羅經,Susiddhikaramahātantrasādhanopāyikapaṭala(sūtra),Legs par-grub par-byed-paḥi rgyud chen-po-las sgrub-paḥi thabs rim-par-phye-ba,807;4394,431,533,
894,431,蘇悉地羯羅供養法,Susiddhikarapūjāvidhi,,,,1425,
895,428,蘇婆呼童子請問經,Subāhuparipṛcchā(sūtra),Dpuṅ-bzaṅ-gis shus-pa,805,428,531,
896,1152,妙臂菩薩所問經,Subāhuparipṛcchā(sūtra).,Dpuṅ-bzaṅ-gis shus-pa.,805,428,822,
901,308,陀羅尼集經,Dhāraṇīsamuccaya(sūtra),,693;694;710;733;899;906;930,216;373;374;379;524;531;555,363,
918,444,諸佛心陀羅尼經,Buddhahṛdayadhāraṇī(dharmaparyāya),Saṅs-rgyas-kyi sñiṅ-po,514;854,149;479,489,
919,1134,諸佛心印陀羅尼經,Buddhahṛdayadhāraṇī,Saṅs-rgyas-kyi sñiṅ-po.,514;854,149;479,825,
934,1224i,無量功德陀羅尼經,Aparimitaguṇānuśaṁsādhāraṇī(sūtra).,Yon-tan bsṅags-pa dpag-tu med-pa.,679;851,286;476,892,
937,1089,大乘聖無量壽決定光明王如來陀羅尼經,Aparimitāyur(dhāraṇī)sūtra.,Tshe daṅ ye-śes dpag-tu-med-pa.,674;675;849,351;362;474,786,
943,1093,無能勝幡王如來莊嚴陀羅尼經,Dhvajāgrakeyūrādhāraṇī.,Rgyal-mtshan-gyi rtse-moḥi dpuṅ-rgyan.,612;923,306;548,795,1410
945,426,大佛頂如來密因修證了義諸菩薩萬行首楞嚴經,Śuraṅgamasūtra,Bcom-ldan-ḥdas-kyi gtsug-gtor chen-po de-bshin-gśegs-paḥi gsaṅ-ba sgrub-paḥi don mṅon-par thob-paḥi rgyu byaṅ-chub-sems-dpaḥ thams-cad-kyi spyod-pa dpaḥ-bar-ḥgro-baḥi mdo leḥu stoṅ-phrag-bcu-pa-las leḥu bcu-pa,236,902,446,
950,1290,菩提場所說一字頂輪王經,Bodhimaṇḍanirdeśaikākṣaroṣṇiṣakakravartirājasūtra.,,,,1024,
953,1277,一字奇特佛頂經,Uṣṇīṣacakravartitantra(sūtra).,,,,1023,
955,1320,一字頂輪王瑜伽觀行儀軌,Ekākṣaroṣṇīsacakrarājayogakalpa.,,,,1331,
968,319,佛頂尊勝陀羅尼經,(Sarvadurgatipariśodhana)-uṣṇīṣavijayadhāraṇī(sūtra),,,,349,
969,320,佛頂最勝陀羅尼經,(Sarvadurgatipariśodhana)-uṣṇīṣavijayadhāraṇī(sūtra),,,,352,
970,322,最勝佛頂陀羅尼淨除業障呪經,(Sarvadurgatipariśodhana)-uṣṇīṣavijayadhāraṇī(sūtra),,,,351,
971,323,佛頂尊勝陀羅尼經,(Sarvadurgatipariśodhana)-uṣṇīṣavijayadhāraṇī(sūtra),De-bshin-gśegs pa thams-cad-kyi gtsug-tor rnam-par rgyal-ba,594,,350,
974a,1091,最勝佛頂陀羅尼經,(Sarvadurgatipariśodhana)uṣṇīṣavijayadhāraṇi(sūtra).,Ṅan-ḥgro thams-cad yoṅs-su sbyoṅ-ba gtsug-tor rnam-par rgyal-ba.,597;984,198;609,796,
978,1204,一切如來烏瑟膩沙最勝惚持經,(Sarvadurgatipariśodhana)uṣṇīṣavijayadhāraṇī(sūtra).,De-bshin-gśegs-pa thams-cad-kyi gtsug-tor-rnam-par rgyal ba.,594;595;596;598,197;199;200;201,871,
982,1293,佛母大孔雀明王經,Mahāmayūrī(vidyārājñī)(sūtra).,Rig-sṅags-kyi rgyal-mo rma-bya chen-mo.,559,178,307,
983a,1375,大孔雀明王畫像壇場儀軌,Mahāmāyūrī(vidyārājñī).,Rig-sṅags-kyi rgyal-mo rma-bya chen-mo.,559,178,1499,
984,307,孔雀王咒經,Mahāmāyūri(vidyārājñī)-(sūtra),Rig-sṅags-kyi rgyal-mo rma-bya chen-mo,559,178,308,
985,303,大孔雀呪王經,Mahāmāyūri(vidyārājñī)-(sūtra),Rig-sṅags-kyi rgyal-mo rma-bya chen-mo,559;4409,178,306,
986,305,大金色孔雀王咒經,Mahāmāyūri(vidyārājñī)-(sūtra),Rig-sṅags-kyi rgyal-mo rma-bya chen-mo,559,,309,
987,306,大金色孔雀王咒經,Mahāmāyūri(vidyārājñī)-(sūtra),Rig-sṅags-kyi rgyal-mo rma-bya chen-mo,559,,310,
988,304,孔雀王咒經,Mahāmāyūri(vidyārājñī)-(sūtra),Rig-sṅags-kyi rgyal-mo rma-bya chen-mo,559,178,311,
989,1294,大雲輪請雨經,Mahāmeghasūtra.,Sprin chen-po.,235;657;1063,334;689;901,970,
991,166,大雲輪請雨經,Mahāmeghasūtra,Sprin chen-po,235;657;1063,334;689;901,188,
992,167,大方等大雲經請雨品大六十四,Mahāmeghasūtra,Sprin chen-po,235;657;1063,334,186,
993,165,大雲經請雨品第六十四,Mahāmeghasūtra,Sprin chen-po,235;657;1063,334;689;901,187,
998,1387,廻向輪經,Pariṇāmacakra(sūtra).,Yoṅs-su bsṅo-baḥi ḥkhor-lo.,242,908,,
999,1096,守護大千國土經,Mahāsahasrapramardanasūtra.,Stoṅ-chen-mo rab-tu ḥjoms-pa.,558;4407;4408;588,177,784,1395
1002,1353,不空羂索毗廬遮那佛大灌頂光眞言,Amoghapāśahṛdayasūtra.,,,,1002,
1005a,1298,大寶廣博樓閣善住祕密陀羅尼經,Mahāmaṇivipulavimānaviśvasupratiṣṭhitaguhyaparamarahasyakalparājadhāraṇī(sūtra).,Nor-bu chen-po rgyas-paḥi gshal-med-khaṅ śin-tu rab-tu-gnas-pa gsaṅ-ba dam-paḥi gsaṅ-baḥi cho-ga shib-moḥi rgyal-po.,506;885,138;510,1028,
1006,422,廣大寶樓閣善住祕密陀羅尼經,Mahāmaṇivipulavimānaviśvasupratiṣṭhitaguhyaparamarahasyakalparājadhāraṇī(sūtra),Nor-bu chen-po rgyas-paḥi gshal-med-khaṅ śin-tu rab-tu-gnas-pa gsaṅ-ba dam-paḥi gsaṅ-baḥi cḥo-ga shib-moḥi rgyal po,506;885,138;510,,
1007,430,牟梨曼陀羅呪經,Mahāmaṇivipulavimānaviśvasupratiṣṭhitaguhyaparamarahasyakalparājadhāraṇī(sūtra),Nor-bu chen-po rgyas-paḥi gshal-med-khaṅ śin-tu rab-tu-gnas-pa gsaṅ-ba dam-paḥi gsaṅ-baḥi cḥo-ga shib-moḥi rgyal po,506;885,138;510,536,
1008,1299,菩提場莊嚴陀羅尼經,Bodhimaṇḍalalakṣālaṁkāranāmadhāraṇī(sūtra).,Byaṅ-chub sñiṅ-poḥi rgyan-ḥbum shes-bya-baḥi gzuṅs.,508,,1025,
1009,1279,出生無邊門陀羅尼經,Anantamukhasādhakadhāraṇī(sūtra),Sgo mthaḥ-yas-pa sgrub-pa.,140;525;914,539;808,956,
1011,324,無量門微密持經,Anantamukhasādhakadhāraṇī(sūtra),Sgo mthaḥ-yas-pa sgrub pa,140;525;914,539;808,355,
1012,325,出生無量門持經,Anantamukhasādhakadhāraṇī(sūtra),Sgo mthaḥ-yas-pa sgrub pa,140;525;914,539;808,356,
1013,327,阿難陀目佉尼訶離陀經,Anantamukhasādhakadhāraṇī(sūtra),Sgo mthaḥ-yas-pa sgrub pa,140;525;914,,358,
1014,326,無量門破魔陀羅尼經,Anantamukhasādhakadhāraṇī(sūtra),Sgo mthaḥ-yas-pa sgrub pa,140;525;914,539;808,354,
1015,328,阿難陀目佉尼訶離陀鄰尼經,Anantamukhasādhakadhāraṇī(sūtra),Sgo mthaḥ-yas-pa sgrub pa,140;525;914,539;808,357,
1016,329,舍利弗陀羅尼經,Anantamukhasādhakadhāraṇī(sūtra),Sgo mthaḥ-yas-pa sgrub pa,140;525;914,539;808,353,
1017,330,一向出生菩薩經,Anantamukhasādhakadhāraṇī(sūtra),Sgo mthaḥ-yas-pa sgrub pa,140;525;914,539;808,359,
1018,331,出生無邊門陀羅尼經,Anantamukhasādhakadhāraṇī(sūtra),Sgo mthaḥ-yas-pa sgrub pa,140;525;914,539;808,360,
1022a,1287,一切如來心祕密全身舍利寳篋印陀羅尼經,Sarvatathāgatādhiṣṭhānahṛdayaguhyadhātukaraṇḍamudrādhāraṇī(sūtra).,De bshin-gśegs-pa thams-cad-kyi byin-gyis-brlabs-kyi sñiṅ-po gsaṅ-ba riṅ-bsrel-gyi za-ma-tog.,507;883,141;508,957,
1023,1113,一切如來正法祕密篋印心陀羅尼經,Sarvatathāgatādhiṣṭhānahṛdayaguhyadhātukaraṇḍadhāraṇī(sūtra).,De-bshin-gśegs-pa thams-cad-kyi byin-gyis-brlabs-kyi sñiṅ-po gsaṅ-ba riṅ-bsrel-gyi za-ma-tog.,507;883,141;508,803,
1024,352,無垢淨光大陀羅尼經,Raśmivimalaviśuddhaprabhādhāraṇī(sūtra),Ḥod-zer dri-ma-med-pa rnam-par dag-paḥi hod,510;982,218;607,380,
1025,1107,佛頂放無垢光明入普門觀察一切如來心陀羅尼經,Samantamukhapraveśaraśmivimaloṣṇīṣaprabhāsarvatathāgatahṛdayasamāvalokitadhāraṇī(sūtra).,Kun-nas sgor ḥjug-paḥi ḥod-zer gtsug-tor dri-ma mde-par snaṅ-ba de-bshin gśegs-pa thams-cad-kyi sñiṅ-po daṅ dam-tshig-la rnam-par-lta-ba.,599;983,206;608,790,
1034,312,咒五首,,,710;930,216;555,330,
1035,313,千轉陀羅尼觀世音菩薩咒,,,710;930,216;555,329,
1037,1308,觀自在菩薩說普賢陀羅尼經,Samantabhadradhāraṇī(sūtra).,Kun-tu-bzaṅ-po shes-bya-baḥi gzuṅs.,699;904,377;529,980,
1038,449,淸淨觀世音普賢陀羅尼經,Samantabhadradhāraṇī(sūtra),Kun-tu-bzaṅ-po shes-bya-baḥi gzuṅs,699;904,377;529,494,
1043,353,請觀世音菩薩消伏毒害陀羅尼呪經,Saḍakṣaravidyāmantra(sūtra),,,,326,
1044,341,六字咒王經,Saḍakṣaravidyāmantra(sūtra),,,,340,
1045b,345,六字神咒王經,Saḍakṣaravidyāmantra(sūtra),,,,341,
1047,1170,聖六字大明王陀羅尼經,Ṣaḍakṣaravidyā(sūtra).,Yi-ge drug-paḥi rig-sṅags.,575;917,313;542,855,
1048,1102,大護明大陀羅尼經,Mahā(rakṣā)mantrānusāriṇīsūtra.,,,,794,
1050,1088,大乘莊嚴寶王經,(Avalokiteśvaraguṇa)kāraṇḍavyūhasūtra.,Za-ma-tog bkod-pa.,116,784,782,
1054,1122,聖觀自在菩薩一百八名經,Avalokiteśvaranāmāṣṭaśataka(sūtra).,Ḥphags-pa spyan-ras-gzigs-dbaṅ-phyug-gi mtshan brgya-rtsa-brgyad-pa.,705;900,381;525,816,
1058,293,千手千眼觀世音菩薩姥陀羅尼身經,Nīlakaṇṭha(ka)(sūtra),Byaṅ-chub-sems-dpaḥ spyan ras-gzigs dbaṅ-phyug phyag stoṅ spyan stoṅ daṅ-ldan pa thogs-pa mi mṅaḥ-baḥi thugs-rje chen-poḥi sems rgya-cher yoṅs-su rdsogs pa,691;897,369;522,319,
1060,294,千手千眼觀世音菩薩廣大圓滿無礙大悲心陀羅尼經,Nīlakaṇṭha(ka)(sūtra),Byaṅ-chub-sems-dpaḥ spyan ras-gzigs dbaṅ-phyug phyag stoṅ spyan stoṅ daṅ-ldan pa thogs-pa mi mṅaḥ-baḥi thugs-rje chen-poḥi sems rgya-cher yoṅs-su rdsogs pa,690;691;897,368;369;522,320,
1061,1270,千手千眼觀自在菩薩廣大圓滿無礙大悲心陀羅尼呪本,Nīlakaṇṭhanāmadhāraṇī.,Nī-la-kaṇṭha.,697;905,378;530,,
1070,309,十一面觀世音神呪經,Avalokiteśvaraikādaśamukhadhāraṇī(sūtra),Spyan-ras-gzigs-dbaṅ-phyug shal bcu-gcig-pa,693;694;899,373;374;524,327,
1071,310,十一面神咒心經,Avalokiteśvaraikādaśamukhadhāraṇī(sūtra),Spyan-ras-gzigs-dbaṅ-phyug shal bcu-gcig-pa,693;694;899,373;374;524,328,
1075,315,七倶胝佛母准提大明陀羅尼經,Cundīdevīdhāraṇī(sūtra),Lha-mo skul-byed-ma,613;989,188;614,345,
1076,1338,七倶胝佛母所說准提陀羅尼經,Cundīdevīdhāraṇī(sūtra).,Lha-mo skul-byed-ma.,613;989,188;164,346,
1077,314,七倶胝佛母心大准提陀羅尼經,Cundīdevīdhāraṇī(sūtra),Lha-mo skul-byed-ma,613;989,188;614,344,
1080,298,如意輪陀羅尼經,Padmacintāmaṇidhāraṇī(sūtra),Spyan-ras-gzigs dbaṅ-phyug-gi gsaṅ-baḥi mdsod-tḥogs pa med-paḥi yid-bshin-gyi-ḥkhor-loḥi sñiṅ-po shes-bya-baḥi-gzuṅs,692;898,370;523,324,
1081,297,觀自在菩薩如意心陀羅尼呪經,Padmacintāmaṇidhāraṇī(sūtra),Spyan-ras-gzigs dbaṅ-phyug-gi gsaṅ-baḥi mdsod-tḥogs pa med-paḥi yid-bshin-gyi-ḥkhor-loḥi sñiṅ-po shes-bya-baḥi-gzuṅs,692;898,370;523,323,
1082,296,觀世音菩薩祕密藏如意輪陀羅尼咒經,Padmacintāmaṇidhāraṇī(sūtra),Spyan-ras-gzigs dbaṅ-phyug-gi gsaṅ-baḥi mdsod-tḥogs pa med-paḥi yid-bshin-gyi-ḥkhor-loḥi sñiṅ-po shes-bya-baḥi-gzuṅs,692;898,370;523,321,
1083,295,觀世音菩薩如意摩尼陀羅尼經,Padmacintāmaṇidhāraṇī(sūtra),Spyan-ras-gzigs dbaṅ-phyug-gi gsaṅ-baḥi mdsod-tḥogs pa med-paḥi yid-bshin-gyi-ḥkhor-loḥi sñiṅ-po shes-bya-baḥi-gzuṅs,692;898,370;523,322,
1092,287,不空羂索神變眞言經,Amoghapāśakalparāja(sūtra),Don-yod-paḥi-shags-paḥi cho-ga shib-moḥi rgyal-po,682;683;686;687;688;901;902;903,365;366;367;526;527;528,317,
1093,288,不空羂索咒經,Amoghapāśahṛdaya(sūtra),Don-yod-shags paḥi sñiṅ-po,682;683;901,366;526,312,
1094,289,不空羂索神咒心經,Amoghapāśahṛdaya(sūtra),Don-yod-shags paḥi sñiṅ-po,682;683;901,366;526,316,
1099,1456,聖觀自在菩薩不空王祕密心陀羅尼經,Amoghapāśahṛdayadhāraṇī(sūtra).,Don-yod shags-paḥi sñiṅ-po.,682;683;901,366;526,987,
1100,1305,葉衣觀自在菩薩經,Parṇaśavarīdhāraṇī(sūtra).,Parṇṇa-śa-ba-riḥi mdo.,735;994,185;619,973,
1105,1131,聖多羅菩薩一百八名陀羅尼經,Tārādevīnāmāṣṭaśataka(sūtra).,Lha-mo sgrol-maḥi mtshan brgya-rtsa-brgyad-pa.,728,392,813,
1106,1120,讚揚聖德多羅菩薩一百八名經,(Ārya)tārābhaṭṭarikāyanāmāṣṭottaraśataka(sūtra).,Rje-btsun-ma ḥphags-ma sgrol-maḥi mtshan brgya-rtsa-brgyad-pa.,727;745;1000,391;625,815,
1117,1239,觀自在菩薩母陀羅尼經,Avalokiteśvaramātādhāraṇīsūtra.,Ḥphags-pa spyan-ras-gzigs-dbaṅ-phyug-gi yum.,725;909,389;534,910,
1127,1151,普賢菩薩陀羅尼經,Samantabhadrādhāraṇīsūtra.,Kun-tu-bzaṅ-poḥi mtshan brgya-rtsa brgyad-pa gzuṅs-sṅags daṅ-bcas-pa.,637;877,323;502,841,
1128,1203,最上大乘金剛大教寶王經,Vajragarbharatnarājatantra (sūtra).,,,,869,
1129,1202,金剛手菩薩降伏一切部多大教王經,Śrīsarvabhūtaḍāmaratantra(sūtra).,Ḥbyuṅ-po ḥdul-ba.,747,404,1031,
1137,342,善法方便陀羅尼經,Sumukhanāmadhāraṇī(sūtra),Sgo bzaṅ po,614;915,309;540,369,
1138a,343,金剛祕密善門陀羅尼呪經,Sumukhanāmadhāraṇī(sūtra),Sgo bzaṅ po,614;915,309;540,370,
1139,351,護命法門神咒經,Sumukhanāmadhāraṇī(sūtra),Sgo bzaṅ po,614;915,309;540,371,
1140,1236,延壽妙門陀羅尼經,Sumukhanāmadhāraṇīsūtra.,Sgo bzaṅ-po.,614;915,309;540,918,
1143,1224g,慈氏菩薩誓願陀羅尼經,Maitreyapratijñādhāraṇī (sūtra).,Byams-pas dam-bcas-pa.,643;890,330;515,890,
1147,1106,聖虛空藏菩薩陀羅尼經,Saptabuddhakasūtra.,Saṅs-rgyas bdun-pa.,270;512;852,152;477;936,793,
1148,1230e,虛空藏菩薩陀羅尼,Ākāśagarbhadhāraṇī.,,,,916,
1153,1349,普遍光明淸淨熾盛如意寶印心無能勝大明王大隨求陀羅尼經,Mahāpratisarādhāraṇī(sūtra).,Rig-paḥi rgyal-mo so-sor ḥbraṅ-ba chen-mo.,561,179,1042,
1154,454,隨求卽得大自在陀羅尼神呪經,Mahāpratisarādhāraṇī(sūtra),Rig-paḥi rgyal-mo so-sor ḥbraṅ-ba chen-mo,561,179,497,
1161,379,觀藥王藥上二菩薩經,Bhaiṣajyarājabhaiṣajyasamudagata(bodhisattvasūtra),,,,305,
1162,448,持世陀羅尼經,Vasudhārādhāraṇī(sūtra),Nor-gyi rgyun,662;1007,341;632,492,
1163,1295,雨寶陀羅尼經,Vasudhārādhāraṇī.,Nor-gyi rgyun.,662;1007,341;632,962,
1164,1094,大乘聖吉祥持世陀羅尼經,Vasudhārādhāraṇisūtra.,Nor-gyi rgyun.,662;1007,341;632,787,
1165,1125,聖持世陀羅尼經,Vasudhārādhāraṇī(sūtra).,Bcom-ldan-ḥdas-ma nor rgyun-maḥi rtog-pa.,663;664,342;343,809,
1167,1304,八大菩薩曼荼羅經,Aṣṭamaṇḍalakasūtra.,Dkyil-ḥkhor brgyad-pa.,644;882,158;507,981,
1168a,1215,大乘八大曼拏羅經,Aṣṭamaṇḍalaka(sūtra).,Dkyil-ḥkhor brgyad-pa.,644;882,158;507,880,
1171,1280,金剛頂經瑜伽文殊師利菩薩法,Trailokyavijayamahākalparāja.,Ḥjig-rten gsum-las rnam-par rgyal-ba rtog-paḥi rgyal-po chen-po.,482,115,1447,
1172,1350,金剛頂超勝三界經說文殊五字眞言勝相,Trailokyavijayamahākalparājā.,Ḥjig-rten gsum-las rnam-par rgyal-ba rtog-paḥi rgyal-po chen-po.,482,115,1446,
1174,1345,五字陀羅尼頌,Pañcākṣaradhāraṇīkārikā.,,,,1405,
1180,316,六字神咒經,Saḍakṣaravidyāmantra(satra),,,,331,
1187,1419,最勝妙吉祥根本智最上祕密一切名義三摩地分,Nāmasaṅgīti.,Ḥjam-dpal ye-śes-sems-dpaḥi don-dam-paḥi mtshan yaṅ-dag-par brjod-pa.,360,2,1408,
1191,1138,大方廣菩薩藏文殊師利根本儀軌經,Mañjuśrīmūlakalpa,Hjam-dpal-gyi rtsa-baḥi rgyud.,543,162,1056,
1197,1178,文殊師利一百八名梵讚,Mañjuśrīnāmāṣṭaśataka.,Ḥjam-dpal-gyi mtshan brgya-rtsa-brgyad-pa.,642,,1073,
1200,1285,底哩三昧耶不動尊威怒王使者念誦法,Trisamayarāja.,,,,1063,
1217,1208,妙吉祥最勝根本大教經,Krodhavijayakalpaguhyatantra.,Khro-bo rnam-par rgyal-baḥi rtog-pa gsaṅ-baḥi rgyud.,604,291,1040,
1222,1355,聖迦尼忿怒金剛童子菩薩成就儀軌經,Vajrakumāratantra.,,,,1064,
1227,1266,大威力烏樞瑟摩明王經,Mahābalavajrakrodha(sūtra).,,,,1048,
1242,1214,妙吉祥瑜伽大教金剛陪囉嚩輪觀想成就儀軌經,Vajrabhairava.,,,,1062,
1243,1097,出生一切如來法眼徧照大力明王經,Mahābalasūtra.,Stobs-po-che.,757;947,416;572,1019,
1244,1307,毘沙門天王經,Ātānātīyasūtra.,Lcaṅ-lo-can-gyi pho-braṅ-gi mdo.,33;656;1061,333;687;749,974,
1245,1185,毘沙門天王經,Aṭānāṭīyamasūtra.,Lcaṅ-lo-can-gyi pho-braṅ-gi mdo.,33;656;1061,333;687;749,849,
1252,1288,大吉祥天女十二名號經,Mahāśrīsūtra.,Dpal chen-moḥi mdo.,740;741;1005;1006,399;400;630;631,958,
1253,1284,大吉祥天女十二契一百八名無垢大乘經,Śrīmahādevīvyākaraṇa(sūtra).,Lha-mo chen-mo dpal luṅ-bstan-pa.,739,398,959,
1254,1377,末利支提婆華鬘經,Mārīcīdhāraṇī(sūtra).,Ḥod-zer-can.,564;988,182;613,845,
1255,1354,摩利支天菩薩陀羅尼經,Mārīcīdhāraṇī(sūtra).,Ḥod-zer-can.,564;988,182;613,846,
1256,311,摩利支天陀羅尼呪經,Mārīcīdhāraṇī(sūtra),Ḥod-zer-can,564;988,182;613,847,
1257,1156,大摩里支菩薩經,Mārīcīdhāraṇī(sūtra).,Ḥod-zer-can.,564;565;566;988,182;183;184;613,844,
1264,1296,觀自在菩薩化身蘘麌哩曳童女銷伏毒害陀羅尼經,Jāṅgulīnāmavidyā.,Du gsel shes-bya-baḥi rig-sṅags.,571;990,189;615,961,
1276,1352,文殊師利菩薩根本大教王經金翅鳥王品,Garuḍapaṭalaparivarta.,,,,1054,
1283,1153,寶藏神大明曼拏羅儀軌經,Jambhalajalendrayathālabdhakalpa(sūtra).,Gnod-gnas dbaṅ-po ci-ltar ḥbyuṅ-baḥi rtog-pa.,770,426,1046,
1284,1154,聖寶藏神儀軌經,Jambhalajalendrayathālabdhakalpa(sūtra).,,,,1045,
1285,1238b,寶賢陀羅尼經,Maṇibhadradhāraṇīsūtra.,Nor-bu bzaṅ-poḥi gzuṅs.,764;769;970;971,382;422;595;596,908,
1288,1251,最上祕密那拏天經,Śravanasyaputranadagupilāyakalparāja.,,,,1038,
1300,766,摩登伽經,Mātangīsūtra.,Stag rnaḥi rtogs-pa-brjod-pa.,358,1027,645,
1301,764,舍頭諫太子二十八宿經,Mātangīsūtra.,Stag rnaḥi rtogs-pa-brjod-pa.,358,1027,646,
1303,1180,聖曜母陀羅尼經,Grahamātṛkādhāraṇī(sūtra).,Gzaḥ rnams-kyi yum.,660;661;997;998,339;340;622;623,811,
1306,1160,千轉大明陀羅尼經,,,710;930,216;555,856,
1313,1302,救拔焰口餓鬼陀羅尼經,Pretamukhāgnijvālayaśarakāradhāraṇī(sūtra).,Yi-dwags kha-nas me-ḥbar-ba-la skyabs mdsad-pa.,646;647;1079;1080,355;356;700;701,984,
1314,474a,救面然餓鬼陀羅尼神呪經,,,646;647;1079;1080,355;356;700;701,539,
1316,474b,甘露經陀羅尼呪,Paramitaguṇānuśaṃsādhāraṇī,,,,540,
1323,1300,除一切疾病陀羅尼經,Sarvarogapraśamanidhāraṇī (sūtra).,Nad thams-cad rab-tu shi-bar-byed-pa.,622;1014,207;639,983,
1324,1301,能淨一切眼疾病陀羅尼經,Cakṣurviśodhanavidyā.,Mig rnam-par sbyoṅ-ba.,619;1008,302;633,982,
1325,866,療痔病經,Arśapraśamanasūtra.,Gshan ḥbrum rab-tu shi-bar-byed-paḥi mdo.,621;1020,213,738,
1328,438g,咒目經,Cakṣurviśodhanavidyā,,,,483,
1331,174,灌頂七萬二千王護比丘呪經,,,503;504,135;136,167,
1333,346,虛空藏菩薩問七佛陀羅尼咒經,Saptabuddhakasūtra,Saṅs-rgyas bdun pa,,152;477;936,368,
1334,338,如來方便善巧咒經,Saptabuddhakasūtra,Saṅs-rgyas bdun pa,270;512;852,152;477;936,367,
1339,397,大方等陀羅尼經,Pratyutpannabuddhasammukhāvasthitasamādhisūtra,,,,421,745
1344,336,金剛上味陀羅尼經,Vajramaṇḍādhāranī(sūtra),Rdo-rje sñiṅ poḥi gzuṅs,139,807,373,
1345,337,金剛場陀羅尼經,Vajramaṇḍādhāranī(sūtra),Rdo-rje sñiṅ poḥi gzuṅs,139,807,372,
1346,475,諸佛集會陀羅尼經,Sarvabuddhāngavatīdhāraṇī(sūtra),Saṅs-rgyas thams-cad-kyi yan-lag daṅ-ldan-pa,513;856,150;481,495,
1347,1114,息除中夭陀羅尼經,Sarvabuddhāṅgavatīdhāraṇīsūtra.,Saṅs-rgyas thams-cad-kyi yan-lag dan-ldan-pa.,513;856,150;481,802,
1348,301,十二佛名神咒校量功德除障滅罪經,Dvādaśabuddhaka(sūtra),Saṅs-rgyas bcu-gñis pa,273;511;853,151;478;939,335,
1349,302,稱讚如來功德神咒經,Dvādaśabuddhaka(sūtra),Saṅs-rgyas bcu-gñis pa,273;511;853,151;478;939,336,
1351,347,持句神咒經,Agrapradīpadhāraṇīvidyaraja(sūtra),Rig-sṅags-kyi rgyal po sgron-ma mchog-gi gzuṅs,528;858,195;483,364,
1352,348,陀鄰尼鉢經,Agrapradīpadhāraṇīvidyaraja(sūtra),Rig-sṅags-kyi rgyal po sgron-ma mchog-gi gzuṅs,528;858,195;483,365,
1353,349,東方最勝燈王陀羅尼經,Agrapradīpadhāraṇīvidyaraja(sūtra),Rig-sṅags-kyi rgyal po sgron-ma mchog-gi gzuṅs,528;858,195;483,,
1354,350,東方最勝燈王如來經,Agrapradīpadhāraṇīvidyaraja(sūtra),Rig-sṅags-kyi rgyal po sgron-ma mchog-gi gzuṅs,528;858,195;483,366,
1355,1108,聖最上燈明如來陀羅尼經,Agrapradīpadhāraṇī(vidyārāja)(sūtra),Rigs-sṅags-kyi rgyal-po sgron-ma mchog-gi gzuṅs.,528;858,195;483,799,
1356,344,華積陀羅尼神咒經,Puṣpakūṭadhāraṇī(sūtra),Me-tog brtsegs pa,516;886,316;511,337,
1357,340,師子奮迅菩薩所問經,Puṣpakūṭadhāraṇī(sūtra),Me-tog brtsegs pa,516;886,316;511,338,
1358,339,花聚陀羅尼咒經,Puṣpakūṭadhāraṇī(sūtra),Me-tog brtsegs pa,516;886,316;511,339,
1359,1159,花積樓閣陀羅尼經,Puṣpakūṭadhāraṇī(sūtra).,Me-tog brtsegs-pa.,516;886,316;511,857,
1360,447,六門陀羅尼經,Saṇmukhīdhāraṇī(sūtra),Sgo drug-pa,141;526;916,312;541;809,493,
1362,459,善夜經,Bhadrakārātrī(sūtra),Mtshan-mo bzaṅ po,313;617;974,599;979,500,
1371,1164,聖大總持王經,Mahādhāraṇī(sūtra).,Gzuṅs chen-po.,529;888,317;513,830,
1373,1457,施一切無畏陀羅尼經,Sarvābhayapradānadhāraṇī(sūtra).,Thams-cad-la mi ḥjigs-pa rab-tu sbyin pa.,609,300;550,998,
1374,455,一切功德莊嚴王經,Sarvadharmaguṇavyūharāja(sūtra),Chos thams-cad-kyi yon-tan bkod-paḥi rgyal po,114;527,782,498,
1375,458,莊嚴王陀羅尼咒經,Sarvatathāgatādhiṣṭhānasattvāvalokanabuddhakṣetrasandarśanavyūharāja(dhāraṇī)sūtra,De-bshin-gśegs-pa thams-cad-kyi byin-gyi-rlabs sems-can-la gzigs śiṅ saṅs-rgyas-kyi shiṅ-gi bkod-pa kun-tu-ston-pa,98;721,,504,
1376,1158,聖莊嚴陀羅尼經,Mekhalādhāraṇī(sūtra).,,,,854,
1377,1439,寶帶陀羅尼經,Mekhalādhāraṇī(sūtra).,Me-kha-la.,772;907,427;532,940,
1384,1224e,鉢蘭那賖嚩哩大陀羅尼經,Parṇaśāvarīdhāraṇī(sūtra).,Ri-khrod lo-ma gyon-ma.,736;995,186;620,888,
1386,1224c,妙色陀羅尼經,Surūpadhāraṇī(sūtra).,Su-ru pa.,540;1078,352;699,886,
1387,1224d,栴檀香身陀羅尼經,Candanāṅganāmadhāraṇī (sūtra).,Tsan-dan-gyi yan-lag.,518;857,293;482,887,
1392,1104,大寒林聖難拏陀羅尼經,Mahādaṇḍadhāraṇī(sūtra).,Be-con chen- po.,606;958,308;583,800,
1397,476,智炬陀羅尼經,Jñānolkādhāraṇī(sūtra),Ye-śes ta-la-la shes-bya-baḥi gzuṅs ḥgro-ba thams-cad yoṅs-su sbyoṅ-ba,522;848,217;473,496,
1398,1161,智光滅一切業障陀羅尼經,Jñānolkādhāraṇīsarvadurgatipariśodhanī(sūtra).,Ye-śes ta-la-la shes-bya-baḥi gzuṅs ḥgro-ba thams-cad yoṅs-su sbyoṅ-ba.,522;848,217;473,835,
1403,1149,如意摩尼陀羅尼經,Padmacintāmaṇidhāraṇīsūtra.,,,,829,
1404,1166,如意寶總持王經,Hiraṇyavatīdhāraṇī(sūtra).,Dbyig daṅ ldan-pa.,570;991,190;616,836,
1408,,最上意陀羅尼經,Viśeṣavatīnamadhāraṇī(sūtra).,Khyad-par-can shes-bya-baḥi gzuṅs.,542;872,157;497,831,
1409,1188,聖最勝陀羅尼經,Viśeṣavatīnāmadhāraṇī(sūtra).,Khyad-par-can.,542;872,157;497,878,
1410,1162,勝幡瓔珞陀羅尼經,Dhvajāgrakeyūrā(sūtra).,,,,858,1410
1411,1143,蓮華眼陀羅尼經,,,539;866,245;491,827,
1415,1150,大金剛妙高山樓閣陀羅尼,Mahāvajrameruśikharakūṭāgāradhāraṇī.,Rdo-rjeḥi ri-rab chen-poḥi rtse-moḥi khaṅ-pa brtsegs-paḥi gzuṅs.,751;946,407;571,842,
1421,895,彌沙塞部和醯五分律,Mahīśāsakavinaya.,,,,1122,
1424,916,彌沙塞羯磨本,Mahīśāsakakarman.,,,,1153,
1425,889,摩訶僧祗律,Mahāsaṅghikavinaya.,,,,1119,
1427,900,摩訶僧祗比丘尼戒本,Mahāsaṅghabhikṣuṇivinaya.,,,,1150,
1428,896,四分律,Dharmaguputa(ka)vinaya.,,,,1117,
1434,919,四分比丘尼羯磨法,Dharmaguptabhikṣuṇīkarman.,,,,1129,
1435,890,十誦律,Sarvāstivādavinaya.,,,,1115,
1436,902,十誦比丘波羅提木叉戒本,(Sarvāstivāda)Prātimokṣasūtra.,Shih sung pi ch'iu po lo t'i mu ch'a chieh pen. (1 chüan),,,1160,
1437,899,十誦比丘尼波羅提木叉戒本,(Sarvāstivāda)Bhikṣunīprātimokṣasūtra.,,,,1161,
1440,941,薩婆多毘尼毘婆娑,Sarvāstivādavinayavibhāṣā.,,,,1135,
1441,935,薩婆多部毘尼摩得勒伽,Sarvāstivādavinayamātṛkā.,,,,1132,
1442,,根本說一切有部毘奈耶,(Mūlasarvāstivāda)Vinayavibhaṅga.,Ḥdul-ba rnam-bar-ḥbyed-pa.,3,1032,1118,
1443,892,根本說一切有部芯芻尼毘奈耶,(Mūlasarvāstivāda)Bhikṣuṇīvinayavibhaṅga.,Dge-sloṅ-maḥi ḥdul-ba rnam-par-ḥbyed-pa.,5,1034,1124,
1444,1391,根本說一切有部毘奈耶出家事,Vinayavastu.,Ḥdul-ba gshi.,1,1030,,
1445,1392,根本說一切有部毘奈耶安居事,Vinayavastu.,Ḥdul-ba gshi.,1,1030,,
1446,1393,根本說一切有部毘奈耶隨意事,Vinayavastu.,Ḥdul-ba gshi.,1,1030,,
1447,1394,根本說一切有部毘奈耶皮革事,Vinayavastu.,Ḥdul-ba gshi.,1,1030,,
1448,1389,根本說一切有部毘奈耶藥事,Vinayavastu.,Ḥdul-ba gshi.,1,1030,,1426
1449,1395,根本說一切有部毘奈耶羯恥那衣事,Vinayavastu.,Ḥdul-ba gshi.,1,1030,,
1450,1390,根本說一切有部毘奈耶破僧事,Vinayavastu.,Ḥdul-ba gshi.,1,1030,1123,
1451,893,根本說一切有部毘奈耶雜事,(Mūlasarvāstivāda)vinayakṣudrakavastu.,Ḥdul-ba phran-tshegs-kyi-gshi.,6,1035,1121,
1452,894,根本說一切有部尼陀那目得迦,(Mūlasarvāstivāda)nidānamātṛkā.,Ken pen shuo i ch'ieh yu pu ni t'o na mu te chia. (10 chüan),,,1133,
1453,914,根本說一切有部百一羯磨,(Mūlasarvāstivāda)ekaśatakarman.,,,,1131,
1454,898,根本說一切有部戒經,(Mūlasarvāstīvāda)Pratimokṣasūtra.,So-sor than-baḥi mdo.,2,1031,1110,
1455,897,根本說一切有部苾芻尼戒經,(Mūlasarvāstivāda)Bhikṣuṇīprātimokṣasūtra.,Dge-sloṅ-maḥi so-sor thar-baḥi mdo.,4,1033,1149,
1456,927,根本說一切有部毘奈耶尼陀那目得迦攝頌,(Mūlasarvāstivāda)vinayanidānamātṛkākārikā.,,,,1140,
1458,934,根本薩婆多部律攝,(Mūlasarvāstivāda)Vinayayasangraha.,Ḥdul-ba bsdus-pa.,4105,,1127,
1459,925,根本說一切有部毘奈耶頌,(Mūlasarvāstivāda)vinayakārikā.,Ḥdul-ba tshig-leḥur-byas-pa.,4123,,1143,
1460,910,解脫戒經,Prātimokṣasūtra.,,,,1108,
1462,937,善見律毘婆沙,Samantapāsādikā.,,,,1125,
1465,907,舍利佛問經,Śariputraparipṛcchā(sūtra).,,,,1152,
1466,921,優波離問佛經,Upālipariprcchā.,,,,1109,
1478,926,大愛道比丘尼經,Ta ai tao pi ch'iu ni ching. (2 chüan),,,,1147,
1483,929,目連問戒律中五百輕重事,Mu lien wen chieh lü chung wu po ching chung shih. (1 chüan),,,,1148,
1484,527,梵網經廬舍那佛說菩薩心地戒品第十,Brahmajālasūtra,Chos-kyi rgya-mo saṅs-rgyas rnam-par-snaṅ-mdsad-kyis byaṅ-chub-sems-dpaḥi sems-kyi gnas bśad-pa leḥu bcu-pa,256,922,1087,
1488,526,優婆塞戒經,Upāsakāśīlasūtra,,,,1088,
1489,539,淸淨毘尼方廣經,Paramārthasaṃvṛtisatyanirdeśa(sūtra),Kun-rdsob daṅ don-dam-paḥi bden-pa bstan-pa,179,846,1101,1368
1490,540,寂調音所問經,Paramārthasaṃvṛtisatyanirdeśa(sūtra),Kun-rdsob daṅ don-dam-paḥi bden-pa bstan-pa,179,846,1089,1368
1491,543,菩薩藏經,Karmāvaraṇapratipraśrabdhi(sūtra),Las-kyi sgrib-pa rgyun gcod-pa,219,885,1103,
1492,546,舍利弗悔過經,Triskandhaka(sūtra),,,,1106,1384
1493,541,大乘三聚懺悔經,Karmāvaraṇapratipraśrabdhi(sūtra),Las-kyi sgrib-pa rgyun gcod-pa,219,885,1090,
1494,525,淨業障經,Karmāvaraṇaviśuddhisūtra,Sgrib-pa rnam-par-dag-pa,218,884,1094,
1509,549,大智度論,Mahāprajñāpāramitāśāstra,,,,1169,
1510,555,金剛般若論,Vajracchedikāprajñāpāramitāsūtraśāstra,Bcom-ldan-ḥdas-ma śes-rab-kyi-pha-rol-tu phyin-pa rdo-rje gcod-paḥi don bdun-gyi rgya-cher-ḥgrel-pa,3816,,1167,
1511,558,金剛般若波羅蜜經論,Vajracchedikāprajñāpāramitāsūtraśāstra,,,,1168,
1513,557,能斷金剛般若波羅蜜多經論釋,Vajracchedikāprajñāpāramitāsūtraśāstra,,,,1231,
1514,556,能斷金剛般若波羅蜜多經論頌,Vajracchedikāprajñāpāramitāsūtraśāstrakārikā,,,,1208,
1516,1478,聖佛母般若波羅蜜多九頌精義論,Bhagavatīprajñāparamitānavaślokapiṇḍārtha.,Bcom-ldan-ḥdas-ma śes-rab-kyi-pha-rol-tu-phyin-paḥi den bsdus-paḥi tshigs-su-bcad-pa-dgu-pa.,3812;3813;4462,,1313,
1517,1459,佛母般若波羅蜜多圓集要義釋論,Prajñāpāramitāsaṁgrahakārikāvivaraṇa.,Śes-rab-kyi-pha-rol-tu-phyin-ma bsdus-paḥi tshig-leḥur-byas-paḥi rnam-par-ḥgrel-pa.,3810,,1310,
1518,1458,佛母般若波羅蜜多圓集要義論,Prajñāpāramitāsaṅgrahakārikā.,Śes-rab-kyi-pha-rol-tu-phyin-ma bsdus-paḥi tshig-leḥur byas-pa.,3908,,1309,
1519,563,妙法蓮華經憂波提舍,Saddharmapuṇḍarīkopadeśa,,,,1232,
1520,561,妙法蓮華經論憂波提舍,Saddharmapuṇḍarīkopadeśa,,,,1233,
1522,550,十地經論,Daśabhūmikasūtraśāstra,Sa bcu-paḥi rnam-par bśad-pa,3993,,1194,
1523,552,大寶積經論,Ratnakūṭasūtraśāstra,Dkon-mchog brtsegs-pa chen-po chos-kyi rnam-graṅs leḥu stoṅ-phrag-brgya-pa-las ḥod-sruṅs-kyi leḥu rgya-cher-ḥgrel-pa,4009,,1234,
1524,565,無量壽經憂波提舍,Sukhāvatīvyūhopadeśa,,,,1204,
1525,551,彌勒菩薩所問經論,Maitreyaparipṛcchopadeśa,,,,1203,
1527,567,涅槃論,Nirvāṇaśāstra,,,,1206,
1530,554,佛地經論,Buddhabhūmisūtraśāstra,,,,1195,
1531,560,文殊師利菩薩問菩提經論,Gayāśīrṣasūtraṭīka,Ga-ya-mgoḥi ri shes-bya-baḥi mdoḥi rnam-par bśad-pa,3991,,1191,
1532,562,勝思惟梵天所問經論,Viśesacintabrahmaparipṛcchāśāstra,,,,1193,
1536,946,阿毘達磨集異門足論,(Abhidharma)saṅgītīparyāya(pādaśāstra).,,,,1276,
1537,945,阿毘達磨法薀足論,(Abhidharma)dharmaskandha(pādaśāstra).,,,,1296,1417
1538,1484,施設論,Prajñaptiśāstra.,Rgyu gdags-pa.,4087,,1317,1415
1539,947,阿毘達磨識身足論,(Abhidharma)vijñānakāya(pādaśāstra).,,,,1281,
1540,948,阿毘達磨界身足論,(Abhidharma)dhātukāya(pādaśāśtra).,,,,1282,1418
1541,950,衆事分阿毘曇論,(Abhidharma)prakaraṇapāda(śāstra).,,,,1292,
1542,949,阿毘達磨品類足論,(Abhidharma)prakaraṇapāda(śāstra).,,,,1277,1420
1543,943,阿毘曇八犍度論,(Abhidharma)jñānaprasthānaśāstra.,,,,1273,1419
1544,944,阿毘達磨發智論,(Abhidharma)jñānaprasthānaśāstra.,,,,1275,
1545,952,阿毘達磨大毘婆沙論,(Abhidharma)mahāvibhāṣa(śāstra).,,,,1263,
1546,951,阿毘曇毘婆沙論,(Abhidharma)vibhāṣā(śāstra).,,,,1264,
1547,971,鞞婆沙論,Vibhāṣā(śāstra).,Pi p'o sha lun. (14 chüan) (Kātyāyanīputra),,,1279,
1548,969,舍利佛阿毘曇論,Śāriputrābhidharmaśāstra.,,,,1268,
1550,959,阿毘曇心論,Abhidharmahṛdaya(śāstra).,,,,1288,
1551,958,阿毘曇心論經,Abhidharmahṛdayaśāstra.,,,,1294,
1552,960,雜阿毘曇心論,Saṃyuktābhidharmahṛdaya (śāstra).,,,,1287,
1553,961,阿毘曇甘露味論,Abhidharmāmṛta(rasaśāstra).,,,,1278,
1554,964,入阿毘達磨論,Abhidharmāvatāraprakaraṇā.,Rab-tu-byed-pa chos mṅon-pa-la hjug-pa.,4098,,1291,
1555,970,五事毘婆沙論,Pañcavastukavibhāṣa.,,,,1283,
1558,955,阿毘達磨倶舍論,Abhidharmakośaśastra.,Chos-mṅon-paḥi mdsod-kyi bśad-pa.,4090,,1267,
1559,953,阿毘達磨倶舍釋論,Abhidharmakośaśāstra.,Chos mṅon-paḥi mdsod-kyi bśad-pa.,4090,,1269,
1560,954,阿毘達磨倶舍論本頌,Abhidharmakośakārikā.,Chos mṅon-paḥi mdsod-kyi tshig leḥur-byas-pa.,4089,,1270,
1562,956,阿毘達磨順正理論,(Abhidharma)Nyāyānusāraśāstra.,A p'i ta mo shun cheng li lun. (80 chüan) (Saṅghabhadra),,,1265,
1563,957,阿毘達磨藏顯宗論,Abhidharmakośaśāstrakārikāvibhāṣya.,Chos mṅon-pa mdsod-kyi bstan-bcos-kyi tshig-leḥus-byas-paḥi rnam-par bśad-pa.,4091,,1266,
1564,577,中論,(Mūla)madhyamakaśāstra,Dbu-ma rtsa-baḥi tshig-leḥur-byas-pa-śes-rab,3824,,1179,
1566,578,般若燈論,Prajñāpradīpamūlamadhyamakavṛtti,Dbu-maḥi rtsa-baḥi ḥgrel-pa,3853,,1185,
1568,579,十二門論,Dvādaśanikāyaśāstra,,,,1186,
1569,581,百論,Śata(ka)śāstra,,,,1188,
1570,582,廣百論本,Catuḥśataka,Bstan-bcos bshi-brgya-pa shes-bya-baḥi tshig-leḥur-byas-pa,3846,,1189,
1572,631,百字論,Akṣaraśatakavṛtti.,Yi-ge brgya-pa.,3834;3835,,1254,
1573,632,壹輸盧迦論,Ekaślokaśāstra.,,,,1212,
1574,1433,大乘破有論,Bhavasaṅkrantiśāstra.,Srid-pa-las ḥdas-paḥi gtam.,3840;4162;4558,,,
1575,1441,六十頌如理論,Yuktiṣaṣṭikākārikā.,Rigs-pa drug-cu-paḥi tshig-leḥur-byas-pa.,3825,,1307,
1576,1445,大乘二十頌論,Mahāyānavimśaka.,Theg-pa chen-po ñi-śu-pa.,3833;4551,,1308,
1577,615,大丈夫論,Mahāpuruṣaśāstra.,,,,1242,
1578,620,大乘掌珍論,Karatalaratna.,,,,1237,
1579,570,瑜伽師地論,Yogācār(y)abhūmiśāstra,Rnal-ḥbyor spyod-paḥi sa,4085;4036;4037;4038;4039;4040;4041;4042,,1170,
1580,575,瑜伽師地論釋,Yogācāryabhūmiśāstrakārikā,,,,1201,
1581,523,菩薩地持經,Bodhisattvabhūmi,,4037,,1086,
1582,524,菩薩善戒經,Bodhisattvabhūmi,,4037,,1085,
1583,532,菩薩善戒經,Bodhisattvacāryanirdeśa(sūtra),,,,1085,
1585,614,成唯識論,Vijñaptimātratāsiddhiśāstra.,,,,1197,
1586,609,唯識三十論頌,Triṃśikā(kārikā),Sum-cu-paḥi tshig-leḥur-byas-pa,4055,,1215,
1587,612,轉識論,Triṁśikā(kārikā).,Sum-cu-paḥi tshig-leḥur byas-pa.,4055,,1217,
1588,613,唯識論,Viṁśatikāvṛtti.,Ñi-śu-paḥi ḥgrel-pa.,4056;4057,,1238,
1589,610,大乘唯識論,Viṁśatikāvṛtti.,Ñi-śu-paḥi ḥgrel-pa,4056;4057,,1239,
1590,608,唯識二十論,Viṃśatikāvṛtti,Ñi-śu-paḥi ḥgrel-pa,4056;4057,,1240,
1592,591,攝大乘論,Mahāyānasaṅgraha,Theg-pa chen-po bsdus-pa,4048,,1184,
1593,588,攝大乘論,Mahāyānasaṅgraha,Theg-pa chen-po bsdus-pa,4048,,1183,
1594,592,攝大乘論本,Mahāyānasaṅgraha,Theg-pa chen-po bsdus-pa,4048,,1247,
1595,590,攝大乘論釋,Mahāyānasaṅgrāhabhāṣya,Theg-pa chen-po bsdus-paḥi ḥgrel-pa,4050,,1171,
1596,593,攝大乘論釋論,Mahāyānasaṅgrahabhāṣya,Theg-pa chen-po bsdus-paḥi ḥgrel-pa,4050,,1171,
1597,594,攝大乘論釋,Mahāyānasaṅgrahabhāṣya,Theg-pa chen-po bsdus-paḥi ḥgrel-pa,4050,,1171,
1598,595,攝大乘論釋,Mahāyānasaṅgrahopanibandhana,Theg-pa chen-po bsdus-paḥi bśad-sbyar,4051,,1171,
1599,597,中邊分別論,Madhyāntavibhaṅgabhāṣya,Dbus daṅ mthaḥ rnam-par ḥbyed-paḥi ḥgrel-pa,4027,,1248,
1600,601,辯中邊論,Madhyāntavibhaṅgabhāṣya,Dbus daṅ mthaḥ rnam-par ḥbyed-paḥi ḥgrel-pa,4027,,1244,
1601,599,辯中邊論頌,Madhyāntavibhāṅgakārikā,Dbus daṅ mthaḥ rnam-par ḥbyed-paḥi tshig-leḥur-byas-pa,4021,,1245,
1604,586,大乘莊嚴經論,(Mahāyāna)sūtralāṃkāraśāstra,Theg-pa chen-po mdo-sdeḥi rgyan shes-bya-baḥi tshig-leḥur-byas-pa,4020;4026,,1190,
1605,572,大乘阿毘達磨集論,Abhidharmasamuccaya,Chos mṅon-pa kun-las-btus-pa,4049,,1199,
1606,576,大乘阿毗達磨雜集論,Abhidharmasamuccayavyākhyā,Mṅon-pa chos kun-nas-btus-paḥi rnam-par bśad-pa,4054,,1178,
1608,602,業成就論,Karmasiddhiprakaraṇa,Las grub-paḥi rab-tu-byed-pa,4062,,1222,
1609,603,大乘成業論,Karmasiddhiprakaraṇa,Las grub-paḥi rab-tu-byed-pa,4062,,1221,
1611,600,究竟一乘寶性論,(Ratnagotravibhāga)Mahāyānottaratantraśāstra,Theg-pa chen-po rgyud bla-maḥi bstan-bcos rnam-par bśad-pa,4024;4025,,1236,
1612,619,大乘五蘊論,Pañcaskandhaprakaraṇa.,Phuṅ-po lṅaḥi rab-tu-byed-pa.,4059,,1176,
1613,618,大乘廣五蘊論,Pañcaskandhaprakaraṇavaibhāṣya.,Phuṅ-po lṅaḥi rab-tu-byed-pa bye-brag-tu bśad-pa.,4066,,1175,
1614,644,大乘百法明門論本事分中略錄名數,Mahāyānaśatadharmaprakāśamukhaśāstra.,Theg-pa chen-poḥi chos brgya gsal-paḥi sgoḥi bstan-bcos.,4063,,1213,
1616,580,十八空論,Aṣṭadaśaśūnyatāśāstra,,,,1187,
1619,629,無相思塵論,Ālambanaparīkṣā.,Dmigs-pa brtag-pa.,4205;4206,,1172,
1620,643,解捲論,Hastavālaprakaraṇa.,Cha-śas-kyi yan-lag ces-bya-baḥi rab-tu-byed-pa.,3844;3845;3848;3849,,1255,
1621,637,掌中論,Hastavālaprakaraṇa.,Cha-śas-kyi yan-lag ces-bya-baḥi rab-tu-byed-pa.,3844;3845;3848;3849,,1256,
1624,628,觀所緣緣論,Ālambanaparīkṣā.,Dmigs-pa brtag-pa.,4205;4206,,1173,
1625,625,觀所緣論釋,(Ālaṁbanaparīkṣā),,,,1174,
1628,604,因明正理門論本,Nyāyamukha,,,,1224,
1629,606,因明正理門論,Nyāyamukha,,,,1223,
1630,607,因明入正理論,Nyāyapraveśa,Tshad-maḥi bstan-bcos rigs-pa-la ḥjug-pa,4208,,1216,
1631,630,廻諍論,Vigrahavyāvartanī.,Rtsod-pa bzlog-pa.,3828;3832,,1251,
1632,627,方便心論,Upāyahṛdaya.,,,,1257,
1633,626,如實論反質難品,Tarkaśāstra.,,,,1252,
1634,621,入大乘論,Mahāyānavatāra.,,,,1243,
1635,1475,大乘寶要義論,Sūtrasamuccaya.,Mdo kun-las btus-pa.,3934,,1311,
1636,1488,大乘集菩薩學論,Śikṣāsamuccaya.,Bslab-pa kun-las-btus-pa.,3939;3940;3941;4525;4549,,1298,
1637,1435,集大乘相論,Mahāyānalakṣaṇasamuccaya.,,3905,,1306,
1641,962,隨相論,Lakṣaṇānusāraśāstra.,,,,1280,
1642,1132,金剛針論,Vajrasūcīśāstra.,,,,1303,
1643,1492,尼乾子問無我義經,Nairātmyaparipṛccha(sūtra).,Bdag-med-pa dris-pa.,173,840,,
1646,966,成實論,Satyasiddhiśāstra.,,,,1274,
1647,974,四諦論,Catuḥsatyaśāstra.,,,,1261,
1651,646,十二因緣論,Pratītyasamutpādaśāstra.,,,,1211,
1656,617,寶行王正論,Rājaparikathāratnamālī.,Rgyal-po-la gtam-bya-ba rin-po-cheḥi phreṅ-ba.,4158;4388,,1253,
1660,585,菩提資糧論,Bodhisambhāraśāstra,,,,1181,
1662,1121,菩提行經,Bodhi(sattva)caryāvatāra.,Byaṅ-chub-sems-dpaḥi spyod-pa-la ḥjug-pa.,3871;4383,,1354,
1663,1205,菩提心觀釋,Bodhicittabhāvanā.,Byaṅ-chub-sems bsgom-pa.,3913,,872,
1664,1449,廣釋菩提心論,(Pūrva)Bhāvanākrama.,Bsgom-paḥi rim-pa.,3915,,1301,
1666,616,大乘起信論,Mahāyānaśraddhotpādaśāstra.,,,,1250,
1667,623,大乘起信論,Mahāyānaśraddhotpādaśāstra.,,,,1249,
1670a,1002,那先比丘經,Miliṇḍapañha.,,,,,
1672,1043,龍樹菩薩爲禪陀迦王說法要偈,Suhṛllekha.,Bśes-paḥi spriṅ-yig.,4182;4496,,1464,
1673,1037,勸發諸王要偈,Suhṛllekha.,Bśes-paḥi spriṅ-yig.,4182;4496,,1440,
1674,1036,龍樹菩薩勸誡王頌,Suhṛllekha.,Bśes-paḥi spriṅ-yig.,4182;4496,,1441,
1675,1115,讚法界頌,Dharmadhātustotra.,Chos-kyi dbyiṅs-su bstod-pa.,1118,,1070,
1677,1228c,三身梵讚,Kāyatrayastotra.,,,,1072,
1678,1225,佛三身讚,Kāyatrayastotra,Sku gsum-la bstod-pa.,1123,,1066,
1680,1024,一百五十讚佛頌,Śatapañcaśatikastotra.,Brgya lṅa-bcu-pa shes-bya-baḥi bstod-pa.,1147,,1456,
1682,1092,七佛讚唄伽他,Saptabuddhastotra.,,,,1065,
1683,1175,揵稚梵讚,Gaṇḍīstotragāthā.,Gaṇḍīḥi bstod-pa tshigs-su-bcad-pa.,1149,,1081,
1684,1228b,八大靈塔梵讚,Aṣṭamahāsthānacaityavandanāstava.,Gnas chen-po brgyad-kyi mchod rten-la phyag-ḥtshal-baḥi bstod-pa.,1168,,1071,
1685,1228a,八大靈塔名號經,Aṣṭamahāsthānacaityastotra.,Gnas chen-po brgyad-kyi mchod rten-la bstod-pa.,1133,,898,
1687,1493,事師法五十頌,Gurupañcāśikā.,Bla-ma lṅa-bcu-pa.,3721,,1080,
1809,923,僧羯磨,Dharmaguptabhikṣukarman.,,,,1128,
1810,924,尼羯磨,Ni chieh mo. (3 chüan),,,,1116,
1967,321,佛頂尊勝陀羅尼經,(Sarvadurgatipariśodhana)-uṣṇīṣavijayadhāraṇī(sūtra),,,,348,
2030,1046,大阿羅漢難提蜜多羅所說法住記,Nandimitrāvadāna.,Dgaḥ-baḥi bśes-gñen-gyi rtogs-pa-brjod-pa.,4146,,1466,
2031,977,異部宗輪論,Samayabhedoparacanacakra.,Gshuṅ-lugs-kyi bye-brag bkod-paḥi ḥkhor-lo.,4138,,1286,
2032,976,十八部論,Samayabhedoparacanacakra.,Gshuṅ-lugs-kyi bye-brag bkod-paḥi ḥkhor-lo.,4138,,1284,
2033,975,部執異論,Samayabhedoparacanacakra.,Gshuṅ-lugs-kyi bye-brag bkod-paḥi ḥkhor-lo.,4138,,1285,
2042,1017,阿育王傳,Aśokarājāvadāna.,,,,1459,
2043,1013,阿育王經,Aśokarājasūtra.,,4145,,1343,
2137,1032,金七十論,Sāṁkhyakārikā.,,,,1300,
2138,1045,勝宗十句義論,Vaiśeṣikadaśapadārthaśāstra.,,,,1295,
